Workbook

Sheet Volume estimator
H1: packet size (bits)
I2: historical size | J2: # of power cycles | K2: integration time (s) | L2: bps | M2: sec/day | N2: data collection (days) | P2: Total recorded data (Mbits) | Q2: Total downlinked data (Mbits)
F3: Data Generated during Power Cycle
G4: Data sent to Recorder | I4: 1.579 | J4: 1 | P4: =I4*J4 -> 1.579
G5: Data sent to the Ground | I5: 1.483 | J5: 1 | Q5: =I5*J5 -> 1.483
H7: max bits | I7: historical size | J7: Enabled? | K7: integration time (s) | L7: bps | M7: sec/day | N7: data collection (days) | P7: Total recorded data (Mbits) | Q7: Total downlinked data (Mbits)
F8: Survey Data
G9: N1 | H9: 5680 | I9: 2400 | J9: 1 | K9: 180 | L9: =J9*I9/K9 -> 13.333333 | M9: =3600*24 -> 86400 | N9: 14.5 | P9: =L9*M9*N9/1000000 -> 16.704 | Q9: =P9 -> 16.704
G10: N2 normal | H10: 4928 | I10: 1920 | J10: 0 | K10: 180 | L10: =J10*I10/K10 -> 0 | M10: =3600*24 -> 86400 | N10: 14.5 | P10: =L10*M10*N10*O10/1000000 -> 0 | Q10: =P10 -> 0
G11: N3+ extra | H11: 64000 | I11: 20000 | J11: 1 | K11: 7200 | L11: =J11*I11/K11 -> 2.7777778 | M11: =3600*24 -> 86400 | N11: 14.5 | P11: =L11*M11*N11/1000000 -> 3.48 | Q11: =P11 -> 3.48
G12: HK/status | H12: 512 | I12: =H12 -> 512 | J12: 1 | K12: 1800 | L12: =J12*I12/K12 -> 0.28444444 | M12: =3600*24 -> 86400 | N12: 14.5 | P12: =L12*M12*N12/1000000 -> 0.356352 | Q12: =P12 -> 0.356352
H13: =E12/30 -> 0 | K13: =IF(AND( (K9/K10)=INT(K9/K10), (K11/K10)=INT(K11/K10) ), " ", "error") | P13: =SUM(P9:P12) -> 20.540352 | Q13: =SUM(Q9:Q12) -> 20.540352
H15: max bits | I15: historical size | J15: Enabled? | K15: integration time (s) | L15: bps | M15: sec/day | N15: data collection (days) | O15: months/ year | P15: Total recorded data (Mbits) | Q15: Total downlinked data (Mbits)
F16: Burst Data
G17: High Time Resolution Buffered Rate (10) Data | H17: ='Packet size and rates'!AA52 -> 8480 | I17: 2900 | J17: 1 | K17: =I25*64 -> 1280 | L17: =J17*I17/K17 -> 2.265625 | M17: =3600*24 -> 86400 | N17: =I28*(I26+I27) -> 20.4 | P17: =L17*M17*I28*((I26+I27))/1000000 -> 3.9933 | Q17: =L17*M17*I29*((I26+I27))/1000000 -> 0.66555
G18: Trigger assessment data | H18: ='Packet size and rates'!U52 -> 992 | I18: 600 | J18: 1 | K18: =I25*64 -> 1280 | L18: =J18*I18/K18 -> 0.46875 | M18: =3600*24 -> 86400 | N18: =I29*(I26+I27) -> 3.4 | P18: =L18*M18*I28*((I26+I27))/1000000 -> 0.8262 | Q18: =L18*M18*I28*((I26+I27))/1000000 -> 0.8262
G19: N2 burst data | H19: =H10 -> 4928 | I19: 1400 | J19: 1 | K19: =I25 -> 20 | L19: =J19*I19/K19 -> 70 | M19: =3600*24 -> 86400 | N19: =I29*I27 -> 2 | P19: =L19*M19*I28*I27/1000000 -> 72.576 | Q19: =L19*M19*I29*I27/1000000 -> 12.096
P20: =SUM(P17:P19) -> 77.3955 | Q20: =SUM(Q17:Q19) -> 13.58775
F22: Total | P22: =P4+P13+P20 -> 99.514852 | Q22: =Q5+Q13+Q20 -> 35.611102 | R22: Mbits
F24: Assumptions
F25: Commanded N2Monitor int time | I25: 20 | P25: Total for hibernation period | R25: =P22 -> 99.514852 | S25: Mbit
F26: pre-trigger data (days) | I26: =0.7*I25/10 -> 1.4
F27: post-trigger data (days) | I27: 2
F28: Number of bursts occurring in this period | I28: 6
F29: # of N2 bursts downlinked in this period | I29: 1

Sheet Packet size and rates
D3: 0x694 Medium Prior N2 | I3: 0x691 High Prior N1 | L3: 0x693 Low Prior N3 | P3: 0x694 Low Prior N3 | T3: 0x68A Trig Assess. | Y3: 0x699 Pre-Trigger Dat
B5: Version | D5: 3 | I5: 3 | L5: 3 | P5: 3 | U5: 3 | AA5: =U5 -> 3
B6: Type | D6: 1 | I6: 1 | L6: 1 | P6: 1 | U6: 1 | AA6: =U6 -> 1
B7: Secondary? | D7: 1 | I7: 1 | L7: 1 | P7: 1 | U7: 1 | AA7: =U7 -> 1
B8: App ID | D8: 11 | I8: 11 | L8: 11 | P8: 11 | U8: 11 | AA8: =U8 -> 11
B9: Grouping | D9: 2 | I9: 2 | L9: 2 | P9: 2 | U9: 2 | AA9: =U9 -> 2
B10: Sequence Count | D10: 14 | I10: 14 | L10: 14 | P10: 14 | U10: 14 | AA10: =U10 -> 14
B11: Length | D11: 16 | I11: 16 | L11: 16 | P11: 16 | U11: 16 | AA11: =U11 -> 16
B12: Secondary Header | D12: 32 | I12: 32 | L12: 32 | P12: 32 | U12: 32 | AA12: =U12 -> 32
D14: 1824 | I14: 1824 | L14: 32000 | P14: 32000 | T14: Header total | U14: =SUM(U5:U13) -> 80 | AA14: =U14 -> 80
D15: 144 | I15: 144
D16: 896 | I16: 1792 | S16: Data Header | Y16: Data Header
D17: 384 | I17: 512 | T17: Ring buffer slot | U17: 16 | Z17: Ring buffer slot | AA17: 16
I18: 528 | T18: Payload length | U18: 16 | Z18: Payload length | AA18: 16
D19: 1600 | I19: 800 | T19: Last capture time | U19: 32 | Z19: Last capture time | AA19: 32
T20: Blocks (aka Chunks) | U20: 16 | Z20: Blocks (aka Chunks) | AA20: 16
T21: Data Header Subtotal | U21: =SUM(U17:U20) -> 80 | Z21: Data Header Subtotal | AA21: =SUM(AA17:AA20) -> 80
D22: =SUM(D5:D19) -> 4928 | I22: =SUM(I5:I20) -> 5680 | L22: =SUM(L5:L20) -> 32080 | P22: =SUM(P5:P20) -> 32080
T24: 16 values compressed
I25: N1= N2 * X | S25: Each block:
T26: # bytes in block | U26: 8 | AA26: =U26 -> 8
T27: #bits | U27: 8 | V27: (<--this is the max size, but typically fewer) | AA27: =U27 -> 8
T28: initial | U28: 16 | AA28: =U28 -> 16
F29: =3600*24 -> 86400 | I29: =1896/60/30 -> 1.0533333 | U29: 11 | V29: (<--this is the max size, but typically fewer) | AA29: =U29 -> 11
U30: 11 | V30: " | AA30: =U30 -> 11
U31: 11 | V31: " | AA31: =U31 -> 11
U32: 11 | V32: " | AA32: =U32 -> 11
U33: 11 | V33: " | AA33: =U33 -> 11
U34: 11 | V34: " | AA34: =U34 -> 11
U35: 11 | V35: " | AA35: =U35 -> 11
U36: 11 | V36: " | AA36: =U36 -> 11
U37: 11 | V37: " | AA37: =U37 -> 11
U38: 11 | V38: " | AA38: =U38 -> 11
U39: 11 | V39: " | AA39: =U39 -> 11
U40: 11 | V40: " | AA40: =U40 -> 11
U41: 11 | V41: " | AA41: =U41 -> 11
... U43: 11 | V43: " | AA43: =U43 -> 11
U44: =SUM(U26:U43) -> 197 | AA44: =U44 -> 197
T46: padding | U46: 11 | V46: (<--this is the max size, but typically fewer) | AA46: =U46 -> 11
B48: Packet Accum Time | D48: 20 | I48: =3600*4 -> 14400 | L48: =3600*4 -> 14400 | P48: =3600*4 -> 14400 | R48: worst case | T48: Block total | U48: =U44+U46 -> 208 | V48: (<--this is the max size, but typically fewer) | AA48: =U48 -> 208
B50: bits per second | D50: =D22/D48 -> 246.4 | I50: =I22/I48 -> 0.39444444 | L50: =L22/L48 -> 2.2277778 | P50: =P22/P48 -> 2.2277778 | S50: Max 4 blocks/packet | U50: =4*U48 -> 832 | V50: (<--this is the max size, but typically fewer) | AA50: =10*U50 -> 8320
B52: Mbit/Per day | D52: =D50*3600*24/1000000 -> 21.28896 | I52: =I50*3600*24/1000000 -> 0.03408 | L52: =L50*3600*24/1000000 -> 0.19248 | P52: =P50*3600*24/1000000 -> 0.19248 | T52: Packet total | U52: =U50+U21+U14 -> 992 | AA52: =AA50+AA21+AA14 -> 8480
K53: N1+N3 | L53: =I52+L52+P52 -> 0.41904
B54: number of days | D54: 2 | T54: readouts per channel per packet | U54: 64 | V54: (<--this assumes full packets, which is typical) | AA54: =U54 -> 64
AC55: totals
B56: Total N2 data | D56: =D54*D52 -> 42.57792 | T56: Packet Accum Time | U56: =D48*U54 -> 1280 | AA56: =D48*AA54 -> 1280
T58: bits per second | U58: =U52/U56 -> 0.775 | AA58: =AA52/AA56 -> 6.625 | AC58: =U58+AA58 -> 7.4
T60: Mbit/Per day | U60: =U58*3600*24/1000000 -> 0.06696 | AA60: =AA58*3600*24/1000000 -> 0.5724 | AC60: =U60+AA60 -> 0.63936
AA63: 8016
R66: predicted
T67: Packet total | U67: ='Volume estimator'!I18 -> 600 | AA67: ='Volume estimator'!I17 -> 2900
T69: readouts per channel per packet | U69: 64 | V69: (<--this assumes full packets, which is typical) | AA69: =U69 -> 64
AC70: totals
T71: Packet Accum Time | U71: =U56 -> 1280 | AA71: =AA56 -> 1280
T73: bits per second | U73: =U67/U71 -> 0.46875 | AA73: =AA67/AA71 -> 2.265625 | AC73: =U73+AA73 -> 2.734375
T75: Mbit/Per day | U75: =U73*3600*24/1000000 -> 0.0405 | AA75: =AA73*3600*24/1000000 -> 0.19575 | AC75: =U75+AA75 -> 0.23625
T77: See next tab for partial channel use numbers
I84: worst case (based on no useful compression)
I85: N2 | J85: Trig Assessment | M85: Buffered Rates | P85: Total burst products
J86: bits/sec | K86: Mbits/day | M86: bits/sec | N86: Mbits/day | P86: bits/sec | Q86: Mbits/day
I87: 20 | J87: =U58 -> 0.775 | K87: =U60 -> 0.06696 | M87: =AA58 -> 6.625 | N87: =AA60 -> 0.5724 | P87: =J87+M87 -> 7.4 | Q87: =K87+N87 -> 0.63936
I88: 10 | J88: =J$87*($I$87/$I88) -> 1.55 | K88: =K$87*($I$87/$I88) -> 0.13392 | M88: =M$87*($I$87/$I88) -> 13.25 | N88: =N$87*($I$87/$I88) -> 1.1448 | P88: =P$87*($I$87/$I88) -> 14.8 | Q88: =Q$87*($I$87/$I88) -> 1.27872
I89: 3 | J89: =J$87*($I$87/$I89) -> 5.1666667 | K89: =K$87*($I$87/$I89) -> 0.4464 | M89: =M$87*($I$87/$I89) -> 44.166667 | N89: =N$87*($I$87/$I89) -> 3.816 | P89: =P$87*($I$87/$I89) -> 49.333333 | Q89: =Q$87*($I$87/$I89) -> 4.2624
I90: 2 | J90: =J$87*($I$87/$I90) -> 7.75 | K90: =K$87*($I$87/$I90) -> 0.6696 | M90: =M$87*($I$87/$I90) -> 66.25 | N90: =N$87*($I$87/$I90) -> 5.724 | P90: =P$87*($I$87/$I90) -> 74 | Q90: =Q$87*($I$87/$I90) -> 6.3936
I92: predicted (based on earlier in-flight forced trigger telemetry)
I93: N2 | J93: Trig Assessment | M93: Buffered Rates | P93: Total burst products
J94: bits/sec | K94: Mbits/day | M94: bits/sec | N94: Mbits/day | P94: bits/sec | Q94: Mbits/day
I95: 20 | J95: =U73 -> 0.46875 | K95: =U75 -> 0.0405 | M95: =AA73 -> 2.265625 | N95: =AA75 -> 0.19575 | P95: =J95+M95 -> 2.734375 | Q95: =K95+N95 -> 0.23625
I96: 10 | J96: =J$95*($I$95/$I96) -> 0.9375 | K96: =K$95*($I$95/$I96) -> 0.081 | M96: =M$95*($I$95/$I96) -> 4.53125 | N96: =N$95*($I$95/$I96) -> 0.3915 | P96: =P$95*($I$95/$I96) -> 5.46875 | Q96: =Q$95*($I$95/$I96) -> 0.4725
I97: 3 | J97: =J$95*($I$95/$I97) -> 3.125 | K97: =K$95*($I$95/$I97) -> 0.27 | M97: =M$95*($I$95/$I97) -> 15.104167 | N97: =N$95*($I$95/$I97) -> 1.305 | P97: =P$95*($I$95/$I97) -> 18.229167 | Q97: =Q$95*($I$95/$I97) -> 1.575
I98: 2 | J98: =J$95*($I$95/$I98) -> 4.6875 | K98: =K$95*($I$95/$I98) -> 0.405 | M98: =M$95*($I$95/$I98) -> 22.65625 | N98: =N$95*($I$95/$I98) -> 1.9575 | P98: =P$95*($I$95/$I98) -> 27.34375 | Q98: =Q$95*($I$95/$I98) -> 2.3625
I100: Predicted data rates during continuous N2 production every 3 (or 2) sec (based on Pre-Trigger Test July 2024)
G101: Macro | H101: N2 Active | I101: N2 | J101: Trig Assessment | M101: Buffered Rates | P101: Trigger+Buffer | R101: HK/Status Data | U101: N1 | X101: N3 | Z101: Total survey products | AD101: Avg N2* | AG101: Total telemetry put on recorder/day
G102: Number | H102: (sec/12 hour) | I102: Mon | J102: bits/sec | K102: Mbits/day | M102: bits/sec | N102: Mbits/day | P102: bits/sec | R102: bits/sec | S102: Mbits/day | U102: bits/sec | V102: Mbits/day | X102: bits/sec | Y102: Mbits/day | AA102: bits/sec | AB102: Mbits/day | AD102: bits/sec | AE102: Mbits/day | AG102: bits/sec | AH102: Mbits/day
F103: Hibernation mode (5 min/12 hour of N2) | G103: 105 | H103: =5*60 -> 300 | I103: 3 | J103: =N$125/(64*$I103) -> 2.7395833 | K103: =J103*3600*24/1000000 -> 0.2367 | M103: =K$125/(64*$I103) -> 10.869792 | N103: =M103*3600*24/1000000 -> 0.93915 | P103: =J103+M103 -> 13.609375 | R103: ='Volume estimator'!$L$12 -> 0.28444444 | S103: =R103*3600*24/1000000 -> 0.024576 | U103: =P$125/($V$117) -> 11.044444 | V103: =U103*(24*3600)/1000000 -> 0.95424 | X103: =R$125/($Y$117) -> 2.5244444 | Y103: =X103*(24*3600)/1000000 -> 0.218112 | AA103: =J103+M103+R103+U103+X103 -> 27.462708 | AB103: =K103+N103+S103+V103+Y103 -> 2.372778 | AD103: =I$125/($I103)*(H103*2)/(24*3600) -> 2.9305556 | AE103: =AD103*24*3600/1000000 -> 0.2532 | AG103: =AA103+AD103 -> 30.393264 | AH103: =AB103+AE103 -> 2.625978
F104: Hibernation mode (10 min/12 hour of N2) | G104: 106 | H104: =10*60 -> 600 | I104: 3 | J104: =N$125/(64*$I104) -> 2.7395833 | K104: =J104*3600*24/1000000 -> 0.2367 | M104: =K$125/(64*$I104) -> 10.869792 | N104: =M104*3600*24/1000000 -> 0.93915 | P104: =J104+M104 -> 13.609375 | R104: ='Volume estimator'!$L$12 -> 0.28444444 | S104: =R104*3600*24/1000000 -> 0.024576 | U104: =P$125/($V$117) -> 11.044444 | V104: =U104*(24*3600)/1000000 -> 0.95424 | X104: =R$125/($Y$117) -> 2.5244444 | Y104: =X104*(24*3600)/1000000 -> 0.218112 | AA104: =J104+M104+R104+U104+X104 -> 27.462708 | AB104: =K104+N104+S104+V104+Y104 -> 2.372778 | AD104: =I$125/($I104)*(H104*2)/(24*3600) -> 5.8611111 | AE104: =AD104*24*3600/1000000 -> 0.5064 | AG104: =AA104+AD104 -> 33.323819 | AH104: =AB104+AE104 -> 2.879178
F105: Hibernation mode (14 min/12 hour of N2) | G105: 107 | H105: =14*60 -> 840 | I105: 3 | J105: =N$125/(64*$I105) -> 2.7395833 | K105: =J105*3600*24/1000000 -> 0.2367 | M105: =K$125/(64*$I105) -> 10.869792 | N105: =M105*3600*24/1000000 -> 0.93915 | P105: =J105+M105 -> 13.609375 | R105: ='Volume estimator'!$L$12 -> 0.28444444 | S105: =R105*3600*24/1000000 -> 0.024576 | U105: =P$125/($V$117) -> 11.044444 | V105: =U105*(24*3600)/1000000 -> 0.95424 | X105: =R$125/($Y$117) -> 2.5244444 | Y105: =X105*(24*3600)/1000000 -> 0.218112 | AA105: =J105+M105+R105+U105+X105 -> 27.462708 | AB105: =K105+N105+S105+V105+Y105 -> 2.372778 | AD105: =I$125/($I105)*(H105*2)/(24*3600) -> 8.2055556 | AE105: =AD105*24*3600/1000000 -> 0.70896 | AG105: =AA105+AD105 -> 35.668264 | AH105: =AB105+AE105 -> 3.081738
F106: Hibernation mode (20 min/12 hour of N2) | G106: 108 | H106: =20*60 -> 1200 | I106: 3 | J106: =N$125/(64*$I106) -> 2.7395833 | K106: =J106*3600*24/1000000 -> 0.2367 | M106: =K$125/(64*$I106) -> 10.869792 | N106: =M106*3600*24/1000000 -> 0.93915 | P106: =J106+M106 -> 13.609375 | R106: ='Volume estimator'!$L$12 -> 0.28444444 | S106: =R106*3600*24/1000000 -> 0.024576 | U106: =P$125/($V$117) -> 11.044444 | V106: =U106*(24*3600)/1000000 -> 0.95424 | X106: =R$125/($Y$117) -> 2.5244444 | Y106: =X106*(24*3600)/1000000 -> 0.218112 | AA106: =J106+M106+R106+U106+X106 -> 27.462708 | AB106: =K106+N106+S106+V106+Y106 -> 2.372778 | AD106: =I$125/($I106)*(H106*2)/(24*3600) -> 11.722222 | AE106: =AD106*24*3600/1000000 -> 1.0128 | AG106: =AA106+AD106 -> 39.184931 | AH106: =AB106+AE106 -> 3.385578
F107: Hibernation mode (30 min/12 hour of N2) | G107: 109 | H107: =30*60 -> 1800 | I107: 3 | J107: =N$125/(64*$I107) -> 2.7395833 | K107: =J107*3600*24/1000000 -> 0.2367 | M107: =K$125/(64*$I107) -> 10.869792 | N107: =M107*3600*24/1000000 -> 0.93915 | P107: =J107+M107 -> 13.609375 | R107: ='Volume estimator'!$L$12 -> 0.28444444 | S107: =R107*3600*24/1000000 -> 0.024576 | U107: =P$125/($V$117) -> 11.044444 | V107: =U107*(24*3600)/1000000 -> 0.95424 | X107: =R$125/($Y$117) -> 2.5244444 | Y107: =X107*(24*3600)/1000000 -> 0.218112 | AA107: =J107+M107+R107+U107+X107 -> 27.462708 | AB107: =K107+N107+S107+V107+Y107 -> 2.372778 | AD107: =I$125/($I107)*(H107*2)/(24*3600) -> 17.583333 | AE107: =AD107*24*3600/1000000 -> 1.5192 | AG107: =AA107+AD107 -> 45.046042 | AH107: =AB107+AE107 -> 3.891978
F108: Termination Shock Crossing mode (assumes continuous 3 sec N2) | G108: 110 | H108: continuous | I108: 3 | J108: =N$125/(64*$I108) -> 2.7395833 | K108: =J108*3600*24/1000000 -> 0.2367 | M108: =K$125/(64*$I108) -> 10.869792 | N108: =M108*(3600*24)/1000000 -> 0.93915 | P108: =J108+M108 -> 13.609375 | R108: ='Volume estimator'!$L$12 -> 0.28444444 | S108: =R108*(3600*24)/1000000 -> 0.024576 | U108: =U103 -> 11.044444 | V108: =U108*(3600*24)/1000000 -> 0.95424 | X108: =X103 -> 2.5244444 | Y108: =X108*(3600*24)/1000000 -> 0.218112 | AA108: =J108+M108+R108+U108+X108 -> 27.462708 | AB108: =K108+N108+S108+V108+Y108 -> 2.372778 | AD108: =I$125/($I108) -> 422 | AE108: =AD108*24*3600/1000000 -> 36.4608 | AG108: =AA108+AD108 -> 449.46271 | AH108: =AB108+AE108 -> 38.833578
F110: Hibernation mode (5 min/12 hour of N2) | G110: 105 | H110: =5*60 -> 300 | I110: 2 | J110: =N$125/(64*$I110) -> 4.109375 | K110: =J110*3600*24/1000000 -> 0.35505 | M110: =K$125/(64*$I110) -> 16.304688 | N110: =M110*3600*24/1000000 -> 1.408725 | P110: =J110+M110 -> 20.414062 | R110: ='Volume estimator'!$L$12 -> 0.28444444 | S110: =R110*3600*24/1000000 -> 0.024576 | U110: =P$125/($V$117) -> 11.044444 | V110: =U110*(24*3600)/1000000 -> 0.95424 | X110: =R$125/($Y$117) -> 2.5244444 | Y110: =X110*(24*3600)/1000000 -> 0.218112 | AA110: =J110+M110+R110+U110+X110 -> 34.267396 | AB110: =K110+N110+S110+V110+Y110 -> 2.960703 | AD110: =I$125/($I110)*(H110*2)/(24*3600) -> 4.3958333 | AE110: =AD110*24*3600/1000000 -> 0.3798 | AG110: =AA110+AD110 -> 38.663229 | AH110: =AB110+AE110 -> 3.340503
F111: Hibernation mode (10 min/12 hour of N2) | G111: 106 | H111: =10*60 -> 600 | I111: 2 | J111: =N$125/(64*$I111) -> 4.109375 | K111: =J111*3600*24/1000000 -> 0.35505 | M111: =K$125/(64*$I111) -> 16.304688 | N111: =M111*3600*24/1000000 -> 1.408725 | P111: =J111+M111 -> 20.414062 | R111: ='Volume estimator'!$L$12 -> 0.28444444 | S111: =R111*3600*24/1000000 -> 0.024576 | U111: =P$125/($V$117) -> 11.044444 | V111: =U111*(24*3600)/1000000 -> 0.95424 | X111: =R$125/($Y$117) -> 2.5244444 | Y111: =X111*(24*3600)/1000000 -> 0.218112 | AA111: =J111+M111+R111+U111+X111 -> 34.267396 | AB111: =K111+N111+S111+V111+Y111 -> 2.960703 | AD111: =I$125/($I111)*(H111*2)/(24*3600) -> 8.7916667 | AE111: =AD111*24*3600/1000000 -> 0.7596 | AG111: =AA111+AD111 -> 43.059062 | AH111: =AB111+AE111 -> 3.720303
F112: Hibernation mode (14 min/12 hour of N2) | G112: 107 | H112: =14*60 -> 840 | I112: 2 | J112: =N$125/(64*$I112) -> 4.109375 | K112: =J112*3600*24/1000000 -> 0.35505 | M112: =K$125/(64*$I112) -> 16.304688 | N112: =M112*3600*24/1000000 -> 1.408725 | P112: =J112+M112 -> 20.414062 | R112: ='Volume estimator'!$L$12 -> 0.28444444 | S112: =R112*3600*24/1000000 -> 0.024576 | U112: =P$125/($V$117) -> 11.044444 | V112: =U112*(24*3600)/1000000 -> 0.95424 | X112: =R$125/($Y$117) -> 2.5244444 | Y112: =X112*(24*3600)/1000000 -> 0.218112 | AA112: =J112+M112+R112+U112+X112 -> 34.267396 | AB112: =K112+N112+S112+V112+Y112 -> 2.960703 | AD112: =I$125/($I112)*(H112*2)/(24*3600) -> 12.308333 | AE112: =AD112*24*3600/1000000 -> 1.06344 | AG112: =AA112+AD112 -> 46.575729 | AH112: =AB112+AE112 -> 4.024143
F113: Hibernation mode (20 min/12 hour of N2) | G113: 108 | H113: =20*60 -> 1200 | I113: 2 | J113: =N$125/(64*$I113) -> 4.109375 | K113: =J113*3600*24/1000000 -> 0.35505 | M113: =K$125/(64*$I113) -> 16.304688 | N113: =M113*3600*24/1000000 -> 1.408725 | P113: =J113+M113 -> 20.414062 | R113: ='Volume estimator'!$L$12 -> 0.28444444 | S113: =R113*3600*24/1000000 -> 0.024576 | U113: =P$125/($V$117) -> 11.044444 | V113: =U113*(24*3600)/1000000 -> 0.95424 | X113: =R$125/($Y$117) -> 2.5244444 | Y113: =X113*(24*3600)/1000000 -> 0.218112 | AA113: =J113+M113+R113+U113+X113 -> 34.267396 | AB113: =K113+N113+S113+V113+Y113 -> 2.960703 | AD113: =I$125/($I113)*(H113*2)/(24*3600) -> 17.583333 | AE113: =AD113*24*3600/1000000 -> 1.5192 | AG113: =AA113+AD113 -> 51.850729 | AH113: =AB113+AE113 -> 4.479903
F114: Hibernation mode (30 min/12 hour of N2) | G114: 109 | H114: =30*60 -> 1800 | I114: 2 | J114: =N$125/(64*$I114) -> 4.109375 | K114: =J114*3600*24/1000000 -> 0.35505 | M114: =K$125/(64*$I114) -> 16.304688 | N114: =M114*3600*24/1000000 -> 1.408725 | P114: =J114+M114 -> 20.414062 | R114: ='Volume estimator'!$L$12 -> 0.28444444 | S114: =R114*3600*24/1000000 -> 0.024576 | U114: =P$125/($V$117) -> 11.044444 | V114: =U114*(24*3600)/1000000 -> 0.95424 | X114: =R$125/($Y$117) -> 2.5244444 | Y114: =X114*(24*3600)/1000000 -> 0.218112 | AA114: =J114+M114+R114+U114+X114 -> 34.267396 | AB114: =K114+N114+S114+V114+Y114 -> 2.960703 | AD114: =I$125/($I114)*(H114*2)/(24*3600) -> 26.375 | AE114: =AD114*24*3600/1000000 -> 2.2788 | AG114: =AA114+AD114 -> 60.642396 | AH114: =AB114+AE114 -> 5.239503
F115: Termination Shock Crossing mode (assumes continuous 2 sec N2) | G115: 110 | H115: continuous | I115: 2 | J115: =N$125/(64*$I115) -> 4.109375 | K115: =J115*3600*24/1000000 -> 0.35505 | M115: =K$125/(64*$I115) -> 16.304688 | N115: =M115*(3600*24)/1000000 -> 1.408725 | P115: =J115+M115 -> 20.414062 | R115: ='Volume estimator'!$L$12 -> 0.28444444 | S115: =R115*(3600*24)/1000000 -> 0.024576 | U115: =U110 -> 11.044444 | V115: =U115*(3600*24)/1000000 -> 0.95424 | X115: =X110 -> 2.5244444 | Y115: =X115*(3600*24)/1000000 -> 0.218112 | AA115: =J115+M115+R115+U115+X115 -> 34.267396 | AB115: =K115+N115+S115+V115+Y115 -> 2.960703 | AD115: =I$125/($I115) -> 633 | AE115: =AD115*24*3600/1000000 -> 54.6912 | AG115: =AA115+AD115 -> 667.2674 | AH115: =AB115+AE115 -> 57.651903
J116: =526/64/N2=>DT4 | M116: =2087/64/N2=>DT3(¬102) or DT2(102)] | R116: =512/STAT=>HSK3 | U116: =1988/N1=>DT1 | X116: =18176/N3=>DT2 | AD116: =(1266/N2)*([Macro105-110]/12h)=>DT3
R117: status = | S117: 1800 | U117: n1= | V117: 180 | X117: n3= | Y117: 7200
AC118: * Note: N2 data only sent by request (selective downlink)
G119: 1 | H119: 2 | I119: 3 | J119: 4 | K119: 5 | L119: 6 | M119: 7 | N119: 8 | O119: 9 | P119: 10 | Q119: 11 | R119: 12 | S119: 13 | T119: 14 | U119: 15 | V119: 16 | W119: 17 | X119: 18 | Y119: 19 | Z119: 20 | AA119: 21 | AB119: 22 | AC119: 23 | AD119: 24 | AE119: 25 | AF119: 26 | AG119: 27 | AH119: 28
F120: From Pre-Trigger Test July 2024 (days 212 and 213)
I121: N2 | K121: Buffered Rates | N121: Trig Asses. | P121: N1 | R121: N3 | U121: Status
I122: 0x692 | K122: 0x697 or 0x699) | N122: 0x68A | P122: 0x691 | R122: 0x693 or 0x694 | U122: 0x685
F123: Max packet size (bits) | I123: =D22 -> 4928 | K123: ='Volume estimator'!H17 -> 8480 | N123: ='Volume estimator'!H18 -> 992 | P123: ='Volume estimator'!H9 -> 5680 | R123: ='Volume estimator'!H11 -> 64000 | U123: 512
F124: Previous estimate Avg packet size (bits) | I124: 1920 | K124: ='Volume estimator'!I17 -> 2900 | N124: ='Volume estimator'!I18 -> 600 | P124: ='Volume estimator'!I9 -> 2400 | R124: ='Volume estimator'!I11 -> 20000
F125: Measured Avg packet size (bits) | I125: 1266 | K125: 2087 | N125: 526 | P125: 1988 | R125: =9088 + 9088 -> 18176 | U125: 512
I126: =$AD$116 -> =(1266/N2)*([Macro105-110]/12h)=>DT3 | K126: =$M$116 -> =2087/64/N2=>DT3(¬102) or DT2(102)] | N126: =$J$116 -> =526/64/N2=>DT4 | P126: =$U$116 -> =1988/N1=>DT1 | R126: =$X$116 -> =18176/N3=>DT2 | U126: =$R$116 -> =512/STAT=>HSK3

Sheet hibernation_yearly
C3: Load number: | E3: 24267
C4: First | E4: DOY | F4: Hour | G4: Min | H4: Days: | I4: Delta | K4: Burst enabled?
D5: Start: | E5: 0 | F5: 0 | G5: 0 | H5: =E5+(F5+G5/60)/24 -> 0
D6: Stop: | E6: 365 | F6: 0 | G6: 0 | H6: =E6+(F6+G6/60)/24 -> 365 | I6: =H6-H5 -> 365 | K6: yes
C7: Second | O7: The fields in blue need to be updated for each load
D8: Start:
D9: Stop:
C11: How many power-on instances are in this load?: | G11: 1
D13: Settings:
E14: N1 | F14: 180
E15: Macro 103/104? | F15: 103 | G15: --> | H15: N2mon = | I15: =IF(F16=101,3,IF(F15=103,3,2)) -> 3
E16: Macro 105-110? | F16: 101 | H16: macro used= | I16: =IF(F16=101,106, F16) -> 106 | J16: <-- if macro=101, then macro 103/104 field is ignored, and settings for macro 103/106 are automatically used
E17: N3 | F17: 7200
E18: Status | F18: 1800
L19: Science
D20: Telemetry product: | H20: Days | I20: Mbits/day | J20: Total Mbits | K20: bps | L20: bytes/s
E21: N1 | F21: 0x691 | H21: =I$6+I$9 -> 365 | I21: =IF(I15=2,(VLOOKUP($I$16,'Packet size and rates'!G110:AH115, 16,FALSE())), (VLOOKUP($I$16,'Packet size and rates'!G103:AH108, 16,FALSE())))*('Packet size and rates'!V117/F14) -> 0.95424 | J21: =H21*I21 -> 348.2976 | K21: =1000000*I21/(24*3600) -> 11.044444 | L21: =K21/8 -> 1.3805556 | M21: PEPSSI_DT1
E22: N3 | F22: 0x693 | H22: =I$6+I$9 -> 365 | I22: =IF(I15=2,(VLOOKUP($I$16,'Packet size and rates'!G110:AH115, 19,FALSE())), (VLOOKUP($I$16,'Packet size and rates'!G103:AH108, 19,FALSE())))*('Packet size and rates'!Y117/F17) -> 0.218112 | J22: =H22*I22 -> 79.61088 | K22: =1000000*I22/(24*3600) -> 2.5244444 | L22: =K22/8 -> 0.31555556 | M22: PEPSSI_DT2
E23: Status | F23: 0x685 | H23: =I$6+I$9 -> 365 | I23: =IF(I15=2,(VLOOKUP($I$16,'Packet size and rates'!G110:AH115, 13,FALSE())), (VLOOKUP($I$16,'Packet size and rates'!G103:AH108, 13,FALSE())))*('Packet size and rates'!S117/F18) -> 0.024576 | J23: =H23*I23 -> 8.97024 | K23: =1000000*I23/(24*3600) -> 0.28444444 | L23: =K23/8 -> 0.035555556 | M23: INST_HSK_3
E24: N2 | F24: 0x692 | H24: =IF(K$9="yes",I$9,0)+IF(K$6="yes",I$6,0) -> 365 | I24: =IF(I15=2,(VLOOKUP($I$16,'Packet size and rates'!G110:AH115, 25,FALSE())), (VLOOKUP($I$16,'Packet size and rates'!G103:AH108, 25,FALSE()))) -> 0.5064 | J24: =H24*I24 -> 184.836 | K24: =1000000*I24/(24*3600) -> 5.8611111 | L24: =K24/8 -> 0.73263889 | M24: PEPSSI_DT3
E25: Trigger packet | F25: 0x68A | H25: =IF(K$9="yes",I$9,0)+IF(K$6="yes",I$6,0) -> 365 | I25: =IF(I15=2,(VLOOKUP($I$16,'Packet size and rates'!G110:AH115, 5,FALSE())), (VLOOKUP($I$16,'Packet size and rates'!G103:AH108, 5,FALSE()))) -> 0.2367 | J25: =H25*I25 -> 86.3955 | K25: =1000000*I25/(24*3600) -> 2.7395833 | L25: =K25/8 -> 0.34244792 | M25: PEPSSI_DT4
E26: Buffered Rates | F26: 0x697 | H26: =IF(K$9="yes",I$9,0)+IF(K$6="yes",I$6,0) -> 365 | I26: =IF(I15=2,(VLOOKUP($I$16,'Packet size and rates'!G110:AH115, 8,FALSE())), (VLOOKUP($I$16,'Packet size and rates'!G103:AH108, 8,FALSE()))) -> 0.93915 | J26: =H26*I26 -> 342.78975 | K26: =1000000*I26/(24*3600) -> 10.869792 | L26: =K26/8 -> 1.358724 | M26: DT2 if Mac102, otherwise DT3
E27: SubTotal | I27: =SUM(I21:I26) -> 2.879178 | J27: =SUM(J21:J26) -> 1050.9 | K27: =SUM(K21:K26) -> 33.323819 | L27: =SUM(L21:L26) -> 4.1654774
E29: Power-on | J29: =1.6*G11 -> 1.6
E31: Total | J31: =J27+J29 -> 1052.5
I33: Mbits/day | J33: Mbits | K33: bps | L33: bytes/s
H34: N1/N3/Status | I34: =I21+I22+I23 -> 1.196928 | J34: =J21+J22+J23 -> 436.87872 | K34: =K21+K22+K23 -> 13.853333 | L34: =L21+L22+L23 -> 1.7316667 | M34: DT1, DT2, HSK3
H35: buff rates + N1/N3/Status | I35: =I26+I23+I22+I21 -> 2.136078 | J35: =J26+J23+J22+J21 -> 779.66847 | K35: =K26+K23+K22+K21 -> 24.723125 | L35: =L26+L23+L22+L21 -> 3.0903906 | M35: DT1, DT2, HSK3 (if Macro102)
H36: N2, buff rates, N1/N3/Status | I36: =I26+I24+I23+I22+I21 -> 2.642478 | J36: =J26+J24+J23+J22+J21 -> 964.50447 | K36: =K26+K24+K23+K22+K21 -> 30.584236 | L36: =L26+L24+L23+L22+L21 -> 3.8230295 | M36: DT1, DT2, DT3,HSK3
H37: Trig Assess, N2, buff rates, N1/N3/Status | I37: =SUM(I21:I26) -> 2.879178 | J37: =SUM(J21:J26) -> 1050.9 | K37: =SUM(K21:K26) -> 33.323819 | L37: =SUM(L21:L26) -> 4.1654774 | M37: DT1, DT2, DT3, DT4, HSK3
H38: N2 | I38: =I24 -> 0.5064 | J38: =J24 -> 184.836 | K38: =K24 -> 5.8611111 | L38: =L24 -> 0.73263889 | M38: DT3
H39: trig assess | I39: =I25 -> 0.2367 | J39: =J25 -> 86.3955 | K39: =K25 -> 2.7395833 | L39: =L25 -> 0.34244792 | M39: DT4

Sheet hibernation_24267_acq
C3: Load number: | E3: 25139
C4: First | E4: DOY | F4: Hour | G4: Min | H4: Days: | I4: Delta | K4: Burst enabled?
D5: Start: | E5: 0 | F5: 0 | G5: 0 | H5: =E5+(F5+G5/60)/24 -> 0
D6: Stop: | E6: 172 | F6: 0 | G6: 0 | H6: =E6+(F6+G6/60)/24 -> 172 | I6: =H6-H5 -> 172 | K6: yes
C7: Second | O7: The fields in blue need to be updated for each load
D8: Start:
D9: Stop:
C11: How many power-on instances are in this load?: | G11: 1
D13: Settings:
E14: N1 | F14: 180
E15: Macro 103/104? | F15: 103 | G15: --> | H15: N2mon = | I15: =IF(F16=101,3,IF(F15=103,3,2)) -> 3
E16: Macro 105-110? | F16: 101 | H16: macro used= | I16: =IF(F16=101,106, F16) -> 106 | J16: <-- if macro=101, then macro 103/104 field is ignored, and settings for macro 103/106 are automatically used
E17: N3 | F17: 7200
E18: Status | F18: 1800
L19: Science
D20: Telemetry product: | H20: Days | I20: Mbits/day | J20: Total Mbits | K20: bps | L20: bytes/s
E21: N1 | F21: 0x691 | H21: =I$6+I$9 -> 172 | I21: =IF(I15=2,(VLOOKUP($I$16,'Packet size and rates'!G110:AH115, 16,FALSE())), (VLOOKUP($I$16,'Packet size and rates'!G103:AH108, 16,FALSE())))*('Packet size and rates'!V117/F14) -> 0.95424 | J21: =H21*I21 -> 164.12928 | K21: =1000000*I21/(24*3600) -> 11.044444 | L21: =K21/8 -> 1.3805556 | M21: PEPSSI_DT1
E22: N3 | F22: 0x693 | H22: =I$6+I$9 -> 172 | I22: =IF(I15=2,(VLOOKUP($I$16,'Packet size and rates'!G110:AH115, 19,FALSE())), (VLOOKUP($I$16,'Packet size and rates'!G103:AH108, 19,FALSE())))*('Packet size and rates'!Y117/F17) -> 0.218112 | J22: =H22*I22 -> 37.515264 | K22: =1000000*I22/(24*3600) -> 2.5244444 | L22: =K22/8 -> 0.31555556 | M22: PEPSSI_DT2
E23: Status | F23: 0x685 | H23: =I$6+I$9 -> 172 | I23: =IF(I15=2,(VLOOKUP($I$16,'Packet size and rates'!G110:AH115, 13,FALSE())), (VLOOKUP($I$16,'Packet size and rates'!G103:AH108, 13,FALSE())))*('Packet size and rates'!S117/F18) -> 0.024576 | J23: =H23*I23 -> 4.227072 | K23: =1000000*I23/(24*3600) -> 0.28444444 | L23: =K23/8 -> 0.035555556 | M23: INST_HSK_3
E24: N2 | F24: 0x692 | H24: =IF(K$9="yes",I$9,0)+IF(K$6="yes",I$6,0) -> 172 | I24: =IF(I15=2,(VLOOKUP($I$16,'Packet size and rates'!G110:AH115, 25,FALSE())), (VLOOKUP($I$16,'Packet size and rates'!G103:AH108, 25,FALSE()))) -> 0.5064 | J24: =H24*I24 -> 87.1008 | K24: =1000000*I24/(24*3600) -> 5.8611111 | L24: =K24/8 -> 0.73263889 | M24: PEPSSI_DT3
E25: Trigger packet | F25: 0x68A | H25: =IF(K$9="yes",I$9,0)+IF(K$6="yes",I$6,0) -> 172 | I25: =IF(I15=2,(VLOOKUP($I$16,'Packet size and rates'!G110:AH115, 5,FALSE())), (VLOOKUP($I$16,'Packet size and rates'!G103:AH108, 5,FALSE()))) -> 0.2367 | J25: =H25*I25 -> 40.7124 | K25: =1000000*I25/(24*3600) -> 2.7395833 | L25: =K25/8 -> 0.34244792 | M25: PEPSSI_DT4
E26: Buffered Rates | F26: 0x697 | H26: =IF(K$9="yes",I$9,0)+IF(K$6="yes",I$6,0) -> 172 | I26: =IF(I15=2,(VLOOKUP($I$16,'Packet size and rates'!G110:AH115, 8,FALSE())), (VLOOKUP($I$16,'Packet size and rates'!G103:AH108, 8,FALSE()))) -> 0.93915 | J26: =H26*I26 -> 161.5338 | K26: =1000000*I26/(24*3600) -> 10.869792 | L26: =K26/8 -> 1.358724 | M26: DT2 if Mac102, otherwise DT3
E27: SubTotal | I27: =SUM(I21:I26) -> 2.879178 | J27: =SUM(J21:J26) -> 495.21862 | K27: =SUM(K21:K26) -> 33.323819 | L27: =SUM(L21:L26) -> 4.1654774
M28: =M27*86400/1000000 -> 0
E29: Power-on | J29: =1.6*G11 -> 1.6
E31: Total | J31: =J27+J29 -> 496.81862
I33: Mbits/day | J33: Mbits | K33: bps | L33: bytes/s
H34: N1/N3/Status | I34: =I21+I22+I23 -> 1.196928 | J34: =J21+J22+J23 -> 205.87162 | K34: =K21+K22+K23 -> 13.853333 | L34: =L21+L22+L23 -> 1.7316667 | M34: DT1, DT2, HSK3 | N34: Survey
H35: buff rates + N1/N3/Status | I35: =I26+I23+I22+I21 -> 2.136078 | J35: =J26+J23+J22+J21 -> 367.40542 | K35: =K26+K23+K22+K21 -> 24.723125 | L35: =L26+L23+L22+L21 -> 3.0903906 | M35: DT1, DT2, HSK3 (if Macro102) | N35: PEPSSI_DT2 if macro 102
H36: N2, buff rates, N1/N3/Status | I36: =I26+I24+I23+I22+I21 -> 2.642478 | J36: =J26+J24+J23+J22+J21 -> 454.50622 | K36: =K26+K24+K23+K22+K21 -> 30.584236 | L36: =L26+L24+L23+L22+L21 -> 3.8230295 | M36: DT1, DT2, DT3,HSK3
H37: Trig Assess, N2, buff rates, N1/N3/Status | I37: =SUM(I21:I26) -> 2.879178 | J37: =SUM(J21:J26) -> 495.21862 | K37: =SUM(K21:K26) -> 33.323819 | L37: =SUM(L21:L26) -> 4.1654774 | M37: DT1, DT2, DT3, DT4, HSK3
H38: N2 | I38: =I24 -> 0.5064 | J38: =J24 -> 87.1008 | K38: =K24 -> 5.8611111 | L38: =L24 -> 0.73263889 | M38: DT3
H39: trig assess | I39: =I25 -> 0.2367 | J39: =J25 -> 40.7124 | K39: =K25 -> 2.7395833 | L39: =L25 -> 0.34244792 | M39: DT4

Sheet 25096acq
C3: Load number: | E3: 25096
C4: First | E4: DOY | F4: Hour | G4: Min | H4: Days: | I4: Delta | K4: Burst enabled?
D5: Start: | E5: 107 | F5: 0 | G5: 0 | H5: =E5+(F5+G5/60)/24 -> 107
D6: Stop: | E6: 119 | F6: 0 | G6: 0 | H6: =E6+(F6+G6/60)/24 -> 119 | I6: =H6-H5 -> 12 | K6: yes
C7: Second | O7: The fields in blue need to be updated for each load
D8: Start:
D9: Stop:
C11: How many power-on instances are in this load?: | G11: 1
D13: Settings:
E14: N1 | F14: 120
E15: Macro 103/104? | F15: 103 | G15: --> | H15: N2mon = | I15: =IF(F16=101,3,IF(F15=103,3,2)) -> 3
E16: Macro 105-110? | F16: 101 | H16: macro used= | I16: =IF(F16=101,106, F16) -> 106 | J16: <-- if macro=101, then macro 103/104 field is ignored, and settings for macro 103/106 are automatically used
E17: N3 | F17: 7200
E18: Status | F18: 1800 | Q18: Notes:
L19: Science | Q19: For this load 25139, also 25118 and 25096 I actually used 4.8625 based on the numbers
D20: Telemetry product: | H20: Days | I20: Mbits/day | J20: Total Mbits | K20: bps | L20: bytes/s | Q20: in the PDR slides which included Trig Assessment. I did not play those data back, Mops playbacks did.
E21: N1 | F21: 0x691 | H21: =I$6+I$9 -> 12 | I21: =IF(I15=2,(VLOOKUP($I$16,'Packet size and rates'!G110:AH115, 16,FALSE())), (VLOOKUP($I$16,'Packet size and rates'!G103:AH108, 16,FALSE())))*('Packet size and rates'!V117/F14) -> 1.43136 | J21: =H21*I21 -> 17.17632 | K21: =1000000*I21/(24*3600) -> 16.566667 | L21: =K21/8 -> 2.0708333 | M21: PEPSSI_DT1 | Q21: Therefore the science playback tracks will be undersubscribed by ~8%.
E22: N3 | F22: 0x693 | H22: =I$6+I$9 -> 12 | I22: =IF(I15=2,(VLOOKUP($I$16,'Packet size and rates'!G110:AH115, 19,FALSE())), (VLOOKUP($I$16,'Packet size and rates'!G103:AH108, 19,FALSE())))*('Packet size and rates'!Y117/F17) -> 0.218112 | J22: =H22*I22 -> 2.617344 | K22: =1000000*I22/(24*3600) -> 2.5244444 | L22: =K22/8 -> 0.31555556 | M22: PEPSSI_DT2 | Q22: HOWEVER, the Mops playbacks do play back the PEPSSI DT4 and those I believe did not assume the correct rate,
E23: Status | F23: 0x685 | H23: =I$6+I$9 -> 12 | I23: =IF(I15=2,(VLOOKUP($I$16,'Packet size and rates'!G110:AH115, 13,FALSE())), (VLOOKUP($I$16,'Packet size and rates'!G103:AH108, 13,FALSE())))*('Packet size and rates'!S117/F18) -> 0.024576 | J23: =H23*I23 -> 0.294912 | K23: =1000000*I23/(24*3600) -> 0.28444444 | L23: =K23/8 -> 0.035555556 | M23: INST_HSK_3 | Q23: they were likely oversubscribed so it should all work out. I’ll check with Karl.
E24: N2 | F24: 0x692 | H24: =IF(K$9="yes",I$9,0)+IF(K$6="yes",I$6,0) -> 12 | I24: =IF(I15=2,(VLOOKUP($I$16,'Packet size and rates'!G110:AH115, 25,FALSE())), (VLOOKUP($I$16,'Packet size and rates'!G103:AH108, 25,FALSE()))) -> 0.5064 | J24: =H24*I24 -> 6.0768 | K24: =1000000*I24/(24*3600) -> 5.8611111 | L24: =K24/8 -> 0.73263889 | M24: PEPSSI_DT3 | Q24: Hopefully things will be better going forward!
E25: Trigger packet | F25: 0x68A | H25: =IF(K$9="yes",I$9,0)+IF(K$6="yes",I$6,0) -> 12 | I25: =IF(I15=2,(VLOOKUP($I$16,'Packet size and rates'!G110:AH115, 5,FALSE())), (VLOOKUP($I$16,'Packet size and rates'!G103:AH108, 5,FALSE()))) -> 0.2367 | J25: =H25*I25 -> 2.8404 | K25: =1000000*I25/(24*3600) -> 2.7395833 | L25: =K25/8 -> 0.34244792 | M25: PEPSSI_DT4
E26: Buffered Rates | F26: 0x697 | H26: =IF(K$9="yes",I$9,0)+IF(K$6="yes",I$6,0) -> 12 | I26: =IF(I15=2,(VLOOKUP($I$16,'Packet size and rates'!G110:AH115, 8,FALSE())), (VLOOKUP($I$16,'Packet size and rates'!G103:AH108, 8,FALSE()))) -> 0.93915 | J26: =H26*I26 -> 11.2698 | K26: =1000000*I26/(24*3600) -> 10.869792 | L26: =K26/8 -> 1.358724 | M26: DT2 if Mac102, otherwise DT3
E27: SubTotal | I27: =SUM(I21:I26) -> 3.356298 | J27: =SUM(J21:J26) -> 40.275576 | K27: =SUM(K21:K26) -> 38.846042 | L27: =SUM(L21:L26) -> 4.8557552
E29: Power-on | J29: =1.6*G11 -> 1.6
E31: Total | J31: =J27+J29 -> 41.875576
I33: Mbits/day | J33: Mbits | K33: bps | L33: bytes/s
H34: N1/N3/Status | I34: =I21+I22+I23 -> 1.674048 | J34: =J21+J22+J23 -> 20.088576 | K34: =K21+K22+K23 -> 19.375556 | L34: =L21+L22+L23 -> 2.4219444 | M34: DT1, DT2, HSK3 | N34: Survey
H35: buff rates + N1/N3/Status | I35: =I26+I23+I22+I21 -> 2.613198 | J35: =J26+J23+J22+J21 -> 31.358376 | K35: =K26+K23+K22+K21 -> 30.245347 | L35: =L26+L23+L22+L21 -> 3.7806684 | M35: DT1, DT2, HSK3 (if Macro102) | N35: PEPSSI_DT2 if macro 102
H36: N2, buff rates, N1/N3/Status | I36: =I26+I24+I23+I22+I21 -> 3.119598 | J36: =J26+J24+J23+J22+J21 -> 37.435176 | K36: =K26+K24+K23+K22+K21 -> 36.106458 | L36: =L26+L24+L23+L22+L21 -> 4.5133073 | M36: DT1, DT2, DT3,HSK3
H37: Trig Assess, N2, buff rates, N1/N3/Status | I37: =SUM(I21:I26) -> 3.356298 | J37: =SUM(J21:J26) -> 40.275576 | K37: =SUM(K21:K26) -> 38.846042 | L37: =SUM(L21:L26) -> 4.8557552 | M37: DT1, DT2, DT3, DT4, HSK3
H38: N2 | I38: =I24 -> 0.5064 | J38: =J24 -> 6.0768 | K38: =K24 -> 5.8611111 | L38: =L24 -> 0.73263889 | M38: DT3
H39: trig assess | I39: =I25 -> 0.2367 | J39: =J25 -> 2.8404 | K39: =K25 -> 2.7395833 | L39: =L25 -> 0.34244792 | M39: DT4

Sheet 25118
C3: Load number: | E3: 25118
C4: First | E4: DOY | F4: Hour | G4: Min | H4: Days: | I4: Delta | K4: Burst enabled?
D5: Start: | E5: 119 | F5: 0 | G5: 0 | H5: =E5+(F5+G5/60)/24 -> 119 | M5: 135 | N5: 0 | O5: 0
D6: Stop: | E6: 160 | F6: 0 | G6: 0 | H6: =E6+(F6+G6/60)/24 -> 160 | I6: =H6-H5 -> 41 | K6: yes | M6: 160 | N6: 0 | O6: 0
C7: Second | O7: The fields in blue need to be updated for each load
D8: Start:
D9: Stop:
C11: How many power-on instances are in this load?: | G11: 1
D13: Settings:
E14: N1 | F14: 120
E15: Macro 103/104? | F15: 103 | G15: --> | H15: N2mon = | I15: =IF(F16=101,3,IF(F15=103,3,2)) -> 3
E16: Macro 105-110? | F16: 101 | H16: macro used= | I16: =IF(F16=101,106, F16) -> 106 | J16: <-- if macro=101, then macro 103/104 field is ignored, and settings for macro 103/106 are automatically used
E17: N3 | F17: 7200
E18: Status | F18: 1800
L19: Science
D20: Telemetry product: | H20: Days | I20: Mbits/day | J20: Total Mbits | K20: bps | L20: bytes/s
E21: N1 | F21: 0x691 | H21: =I$6+I$9 -> 41 | I21: =IF(I15=2,(VLOOKUP($I$16,'Packet size and rates'!G110:AH115, 16,FALSE())), (VLOOKUP($I$16,'Packet size and rates'!G103:AH108, 16,FALSE())))*('Packet size and rates'!V117/F14) -> 1.43136 | J21: =H21*I21 -> 58.68576 | K21: =1000000*I21/(24*3600) -> 16.566667 | L21: =K21/8 -> 2.0708333 | M21: PEPSSI_DT1
E22: N3 | F22: 0x693 | H22: =I$6+I$9 -> 41 | I22: =IF(I15=2,(VLOOKUP($I$16,'Packet size and rates'!G110:AH115, 19,FALSE())), (VLOOKUP($I$16,'Packet size and rates'!G103:AH108, 19,FALSE())))*('Packet size and rates'!Y117/F17) -> 0.218112 | J22: =H22*I22 -> 8.942592 | K22: =1000000*I22/(24*3600) -> 2.5244444 | L22: =K22/8 -> 0.31555556 | M22: PEPSSI_DT2
E23: Status | F23: 0x685 | H23: =I$6+I$9 -> 41 | I23: =IF(I15=2,(VLOOKUP($I$16,'Packet size and rates'!G110:AH115, 13,FALSE())), (VLOOKUP($I$16,'Packet size and rates'!G103:AH108, 13,FALSE())))*('Packet size and rates'!S117/F18) -> 0.024576 | J23: =H23*I23 -> 1.007616 | K23: =1000000*I23/(24*3600) -> 0.28444444 | L23: =K23/8 -> 0.035555556 | M23: INST_HSK_3
E24: N2 | F24: 0x692 | H24: =IF(K$9="yes",I$9,0)+IF(K$6="yes",I$6,0) -> 41 | I24: =IF(I15=2,(VLOOKUP($I$16,'Packet size and rates'!G110:AH115, 25,FALSE())), (VLOOKUP($I$16,'Packet size and rates'!G103:AH108, 25,FALSE()))) -> 0.5064 | J24: =H24*I24 -> 20.7624 | K24: =1000000*I24/(24*3600) -> 5.8611111 | L24: =K24/8 -> 0.73263889 | M24: PEPSSI_DT3
E25: Trigger packet | F25: 0x68A | H25: =IF(K$9="yes",I$9,0)+IF(K$6="yes",I$6,0) -> 41 | I25: =IF(I15=2,(VLOOKUP($I$16,'Packet size and rates'!G110:AH115, 5,FALSE())), (VLOOKUP($I$16,'Packet size and rates'!G103:AH108, 5,FALSE()))) -> 0.2367 | J25: =H25*I25 -> 9.7047 | K25: =1000000*I25/(24*3600) -> 2.7395833 | L25: =K25/8 -> 0.34244792 | M25: PEPSSI_DT4
E26: Buffered Rates | F26: 0x697 | H26: =IF(K$9="yes",I$9,0)+IF(K$6="yes",I$6,0) -> 41 | I26: =IF(I15=2,(VLOOKUP($I$16,'Packet size and rates'!G110:AH115, 8,FALSE())), (VLOOKUP($I$16,'Packet size and rates'!G103:AH108, 8,FALSE()))) -> 0.93915 | J26: =H26*I26 -> 38.50515 | K26: =1000000*I26/(24*3600) -> 10.869792 | L26: =K26/8 -> 1.358724 | M26: DT2 if Mac102, otherwise DT3
E27: SubTotal | I27: =SUM(I21:I26) -> 3.356298 | J27: =SUM(J21:J26) -> 137.60822 | K27: =SUM(K21:K26) -> 38.846042 | L27: =SUM(L21:L26) -> 4.8557552
E29: Power-on | J29: =1.6*G11 -> 1.6
E31: Total | J31: =J27+J29 -> 139.20822
I33: Mbits/day | J33: Mbits | K33: bps | L33: bytes/s
H34: N1/N3/Status | I34: =I21+I22+I23 -> 1.674048 | J34: =J21+J22+J23 -> 68.635968 | K34: =K21+K22+K23 -> 19.375556 | L34: =L21+L22+L23 -> 2.4219444 | M34: DT1, DT2, HSK3 | N34: Survey
H35: buff rates + N1/N3/Status | I35: =I26+I23+I22+I21 -> 2.613198 | J35: =J26+J23+J22+J21 -> 107.14112 | K35: =K26+K23+K22+K21 -> 30.245347 | L35: =L26+L23+L22+L21 -> 3.7806684 | M35: DT1, DT2, HSK3 (if Macro102) | N35: PEPSSI_DT2 if macro 102
H36: N2, buff rates, N1/N3/Status | I36: =I26+I24+I23+I22+I21 -> 3.119598 | J36: =J26+J24+J23+J22+J21 -> 127.90352 | K36: =K26+K24+K23+K22+K21 -> 36.106458 | L36: =L26+L24+L23+L22+L21 -> 4.5133073 | M36: DT1, DT2, DT3,HSK3
H37: Trig Assess, N2, buff rates, N1/N3/Status | I37: =SUM(I21:I26) -> 3.356298 | J37: =SUM(J21:J26) -> 137.60822 | K37: =SUM(K21:K26) -> 38.846042 | L37: =SUM(L21:L26) -> 4.8557552 | M37: DT1, DT2, DT3, DT4, HSK3
H38: N2 | I38: =I24 -> 0.5064 | J38: =J24 -> 20.7624 | K38: =K24 -> 5.8611111 | L38: =L24 -> 0.73263889 | M38: DT3
H39: trig assess | I39: =I25 -> 0.2367 | J39: =J25 -> 9.7047 | K39: =K25 -> 2.7395833 | L39: =L25 -> 0.34244792 | M39: DT4

Sheet 25139
C3: Load number: | E3: 25139
C4: First | E4: DOY | F4: Hour | G4: Min | H4: Days: | I4: Delta | K4: Burst enabled?
D5: Start: | E5: 135 | F5: 13 | G5: 16 | H5: =E5+(F5+G5/60)/24 -> 135.55278
D6: Stop: | E6: 160 | F6: 3 | G6: 2 | H6: =E6+(F6+G6/60)/24 -> 160.12639 | I6: =H6-H5 -> 24.573611 | K6: yes
C7: Second | O7: The fields in blue need to be updated for each load
D8: Start:
D9: Stop:
C11: How many power-on instances are in this load?: | G11: 1
D13: Settings:
E14: N1 | F14: 120
E15: Macro 103/104? | F15: 103 | G15: --> | H15: N2mon = | I15: =IF(F16=101,3,IF(F15=103,3,2)) -> 3
E16: Macro 105-110? | F16: 101 | H16: macro used= | I16: =IF(F16=101,106, F16) -> 106 | J16: <-- if macro=101, then macro 103/104 field is ignored, and settings for macro 103/106 are automatically used
E17: N3 | F17: 7200
E18: Status | F18: 1800
L19: Science
D20: Telemetry product: | H20: Days | I20: Mbits/day | J20: Total Mbits | K20: bps | L20: bytes/s
E21: N1 | F21: 0x691 | H21: =I$6+I$9 -> 24.573611 | I21: =IF(I15=2,(VLOOKUP($I$16,'Packet size and rates'!G110:AH115, 16,FALSE())), (VLOOKUP($I$16,'Packet size and rates'!G103:AH108, 16,FALSE())))*('Packet size and rates'!V117/F14) -> 1.43136 | J21: =H21*I21 -> 35.173684 | K21: =1000000*I21/(24*3600) -> 16.566667 | L21: =K21/8 -> 2.0708333 | M21: PEPSSI_DT1 | P21: 16.566667
E22: N3 | F22: 0x693 | H22: =I$6+I$9 -> 24.573611 | I22: =IF(I15=2,(VLOOKUP($I$16,'Packet size and rates'!G110:AH115, 19,FALSE())), (VLOOKUP($I$16,'Packet size and rates'!G103:AH108, 19,FALSE())))*('Packet size and rates'!Y117/F17) -> 0.218112 | J22: =H22*I22 -> 5.3597995 | K22: =1000000*I22/(24*3600) -> 2.5244444 | L22: =K22/8 -> 0.31555556 | M22: PEPSSI_DT2 | P22: 2.5244444
E23: Status | F23: 0x685 | H23: =I$6+I$9 -> 24.573611 | I23: =IF(I15=2,(VLOOKUP($I$16,'Packet size and rates'!G110:AH115, 13,FALSE())), (VLOOKUP($I$16,'Packet size and rates'!G103:AH108, 13,FALSE())))*('Packet size and rates'!S117/F18) -> 0.024576 | J23: =H23*I23 -> 0.60392107 | K23: =1000000*I23/(24*3600) -> 0.28444444 | L23: =K23/8 -> 0.035555556 | M23: INST_HSK_3 | P23: 0.28444444
E24: N2 | F24: 0x692 | H24: =IF(K$9="yes",I$9,0)+IF(K$6="yes",I$6,0) -> 24.573611 | I24: =IF(I15=2,(VLOOKUP($I$16,'Packet size and rates'!G110:AH115, 25,FALSE())), (VLOOKUP($I$16,'Packet size and rates'!G103:AH108, 25,FALSE()))) -> 0.5064 | J24: =H24*I24 -> 12.444077 | K24: =1000000*I24/(24*3600) -> 5.8611111 | L24: =K24/8 -> 0.73263889 | M24: PEPSSI_DT3 | P24: 5.8611111
E25: Trigger packet | F25: 0x68A | H25: =IF(K$9="yes",I$9,0)+IF(K$6="yes",I$6,0) -> 24.573611 | I25: =IF(I15=2,(VLOOKUP($I$16,'Packet size and rates'!G110:AH115, 5,FALSE())), (VLOOKUP($I$16,'Packet size and rates'!G103:AH108, 5,FALSE()))) -> 0.2367 | J25: =H25*I25 -> 5.8165738 | K25: =1000000*I25/(24*3600) -> 2.7395833 | L25: =K25/8 -> 0.34244792 | M25: PEPSSI_DT4 | P25: 2.7395833
E26: Buffered Rates | F26: 0x697 | H26: =IF(K$9="yes",I$9,0)+IF(K$6="yes",I$6,0) -> 24.573611 | I26: =IF(I15=2,(VLOOKUP($I$16,'Packet size and rates'!G110:AH115, 8,FALSE())), (VLOOKUP($I$16,'Packet size and rates'!G103:AH108, 8,FALSE()))) -> 0.93915 | J26: =H26*I26 -> 23.078307 | K26: =1000000*I26/(24*3600) -> 10.869792 | L26: =K26/8 -> 1.358724 | M26: DT2 if Mac102, otherwise DT3 | P26: 10.869792
E27: SubTotal | I27: =SUM(I21:I26) -> 3.356298 | J27: =SUM(J21:J26) -> 82.476362 | K27: =SUM(K21:K26) -> 38.846042 | L27: =SUM(L21:L26) -> 4.8557552
E29: Power-on | J29: =1.6*G11 -> 1.6
E31: Total | J31: =J27+J29 -> 84.076362
I33: Mbits/day | J33: Mbits | K33: bps | L33: bytes/s
H34: N1/N3/Status | I34: =I21+I22+I23 -> 1.674048 | J34: =J21+J22+J23 -> 41.137405 | K34: =K21+K22+K23 -> 19.375556 | L34: =L21+L22+L23 -> 2.4219444 | M34: DT1, DT2, HSK3 | N34: Survey
H35: buff rates + N1/N3/Status | I35: =I26+I23+I22+I21 -> 2.613198 | J35: =J26+J23+J22+J21 -> 64.215711 | K35: =K26+K23+K22+K21 -> 30.245347 | L35: =L26+L23+L22+L21 -> 3.7806684 | M35: DT1, DT2, HSK3 (if Macro102) | N35: PEPSSI_DT2 if macro 102
H36: N2, buff rates, N1/N3/Status | I36: =I26+I24+I23+I22+I21 -> 3.119598 | J36: =J26+J24+J23+J22+J21 -> 76.659788 | K36: =K26+K24+K23+K22+K21 -> 36.106458 | L36: =L26+L24+L23+L22+L21 -> 4.5133073 | M36: DT1, DT2, DT3,HSK3
H37: Trig Assess, N2, buff rates, N1/N3/Status | I37: =SUM(I21:I26) -> 3.356298 | J37: =SUM(J21:J26) -> 82.476362 | K37: =SUM(K21:K26) -> 38.846042 | L37: =SUM(L21:L26) -> 4.8557552 | M37: DT1, DT2, DT3, DT4, HSK3
H38: N2 | I38: =I24 -> 0.5064 | J38: =J24 -> 12.444077 | K38: =K24 -> 5.8611111 | L38: =L24 -> 0.73263889 | M38: DT3
H39: trig assess | I39: =I25 -> 0.2367 | J39: =J25 -> 5.8165738 | K39: =K25 -> 2.7395833 | L39: =L25 -> 0.34244792 | M39: DT4

Sheet 25159
N2: 160 | O2: 3 | P2: 11
C3: Load number: | E3: 25159 | N3: 178 | O3: 19 | P3: 30
C4: First | E4: DOY | F4: Hour | G4: Min | H4: Days: | I4: Delta | K4: Burst enabled?
D5: Start: | E5: 160 | F5: 3 | G5: 11 | H5: =E5+(F5+G5/60)/24 -> 160.13264
D6: Stop: | E6: 178 | F6: 19 | G6: 30 | H6: =E6+(F6+G6/60)/24 -> 178.8125 | I6: =H6-H5 -> 18.679861 | K6: yes
C7: Second | O7: The fields in blue need to be updated for each load
D8: Start: | E8: 178 | F8: 19 | G8: 30 | H8: =E8+(F8+G8/60)/24 -> 178.8125
D9: Stop: | E9: 181 | F9: 2 | G9: 10 | H9: =E9+(F9+G9/60)/24 -> 181.09028 | I9: =H9-H8 -> 2.2777778 | K9: yes
C11: How many power-on instances are in this load?: | G11: 1
D13: Settings:
E14: N1 | F14: 180
E15: Macro 103/104? | F15: 103 | G15: --> | H15: N2mon = | I15: =IF(F16=101,3,IF(F15=103,3,2)) -> 3
E16: Macro 105-110? | F16: 110 | H16: macro used= | I16: =IF(F16=101,106, F16) -> 110 | J16: <-- if macro=101, then macro 103/104 field is ignored, and settings for macro 103/106 are automatically used
E17: N3 | F17: 7200
E18: Status | F18: 1800
L19: Science
D20: Telemetry product: | H20: Days | I20: Mbits/day | J20: Total Mbits | K20: bps | L20: bytes/s
E21: N1 | F21: 0x691 | H21: =I$6+I$9 -> 20.957639 | I21: =IF(I15=2,(VLOOKUP($I$16,'Packet size and rates'!G110:AH115, 16,FALSE())), (VLOOKUP($I$16,'Packet size and rates'!G103:AH108, 16,FALSE())))*('Packet size and rates'!V117/F14) -> 0.95424 | J21: =H21*I21 -> 19.998617 | K21: =1000000*I21/(24*3600) -> 11.044444 | L21: =K21/8 -> 1.3805556 | M21: PEPSSI_DT1 | P21: 11.044444
E22: N3 | F22: 0x693 | H22: =I$6+I$9 -> 20.957639 | I22: =IF(I15=2,(VLOOKUP($I$16,'Packet size and rates'!G110:AH115, 19,FALSE())), (VLOOKUP($I$16,'Packet size and rates'!G103:AH108, 19,FALSE())))*('Packet size and rates'!Y117/F17) -> 0.218112 | J22: =H22*I22 -> 4.5711125 | K22: =1000000*I22/(24*3600) -> 2.5244444 | L22: =K22/8 -> 0.31555556 | M22: PEPSSI_DT2 | P22: 2.5244444
E23: Status | F23: 0x685 | H23: =I$6+I$9 -> 20.957639 | I23: =IF(I15=2,(VLOOKUP($I$16,'Packet size and rates'!G110:AH115, 13,FALSE())), (VLOOKUP($I$16,'Packet size and rates'!G103:AH108, 13,FALSE())))*('Packet size and rates'!S117/F18) -> 0.024576 | J23: =H23*I23 -> 0.51505493 | K23: =1000000*I23/(24*3600) -> 0.28444444 | L23: =K23/8 -> 0.035555556 | M23: INST_HSK_3 | P23: 0.28444444
E24: N2 | F24: 0x692 | H24: =IF(K$9="yes",I$9,0)+IF(K$6="yes",I$6,0) -> 20.957639 | I24: =IF(I15=2,(VLOOKUP($I$16,'Packet size and rates'!G110:AH115, 25,FALSE())), (VLOOKUP($I$16,'Packet size and rates'!G103:AH108, 25,FALSE()))) -> 36.4608 | J24: =H24*I24 -> 764.13228 | K24: =1000000*I24/(24*3600) -> 422 | L24: =K24/8 -> 52.75 | M24: PEPSSI_DT3 | P24: 422
E25: Trigger packet | F25: 0x68A | H25: =IF(K$9="yes",I$9,0)+IF(K$6="yes",I$6,0) -> 20.957639 | I25: =IF(I15=2,(VLOOKUP($I$16,'Packet size and rates'!G110:AH115, 5,FALSE())), (VLOOKUP($I$16,'Packet size and rates'!G103:AH108, 5,FALSE()))) -> 0.2367 | J25: =H25*I25 -> 4.9606731 | K25: =1000000*I25/(24*3600) -> 2.7395833 | L25: =K25/8 -> 0.34244792 | M25: PEPSSI_DT4 | P25: 2.7395833
E26: Buffered Rates | F26: 0x697 | H26: =IF(K$9="yes",I$9,0)+IF(K$6="yes",I$6,0) -> 20.957639 | I26: =IF(I15=2,(VLOOKUP($I$16,'Packet size and rates'!G110:AH115, 8,FALSE())), (VLOOKUP($I$16,'Packet size and rates'!G103:AH108, 8,FALSE()))) -> 0.93915 | J26: =H26*I26 -> 19.682367 | K26: =1000000*I26/(24*3600) -> 10.869792 | L26: =K26/8 -> 1.358724 | M26: DT2 if Mac102, otherwise DT3 | P26: 10.869792
E27: SubTotal | I27: =SUM(I21:I26) -> 38.833578 | J27: =SUM(J21:J26) -> 813.8601 | K27: =SUM(K21:K26) -> 449.46271 | L27: =SUM(L21:L26) -> 56.182839
E29: Power-on | J29: 1.6
E31: Total | J31: =J27+J29 -> 815.4601
I33: Mbits/day | J33: Mbits | K33: bps | L33: bytes/s | S33: 64.22 | T33: 25139 | U33: 135-160
H34: N1/N3/Status | I34: =I21+I22+I23 -> 1.196928 | J34: =J21+J22+J23 -> 25.084785 | K34: =K21+K22+K23 -> 13.853333 | L34: =L21+L22+L23 -> 1.7316667 | M34: DT1, DT2, HSK3 | O34: Survey | S34: 39.9 | T34: 25159 | U34: 160-178
H35: buff rates + N1/N3/Status | I35: =I26+I23+I22+I21 -> 2.136078 | J35: =J26+J23+J22+J21 -> 44.767151 | K35: =K26+K23+K22+K21 -> 24.723125 | L35: =L26+L23+L22+L21 -> 3.0903906 | M35: DT1, DT2, HSK3 (if Macro102) | N35: PEPSSI_DT2 if macro 102 | S35: =64.22+39.9 -> 104.12 | T35: yes! | U35: 178/1930-181/0210
H36: N2, buff rates, N1/N3/Status | I36: =I26+I24+I23+I22+I21 -> 38.596878 | J36: =J26+J24+J23+J22+J21 -> 808.89943 | K36: =K26+K24+K23+K22+K21 -> 446.72312 | L36: =L26+L24+L23+L22+L21 -> 55.840391 | M36: DT1, DT2, DT3,HSK3
H37: Trig Assess, N2, buff rates, N1/N3/Status | I37: =SUM(I21:I26) -> 38.833578 | J37: =SUM(J21:J26) -> 813.8601 | K37: =SUM(K21:K26) -> 449.46271 | L37: =SUM(L21:L26) -> 56.182839 | M37: DT1, DT2, DT3, DT4, HSK3
H38: N2 | I38: =I24 -> 36.4608 | J38: =J24 -> 764.13228 | K38: =K24 -> 422 | L38: =L24 -> 52.75 | M38: DT3 | S38: 4.87 | U38: 178-181 | V38: survey+br
H39: trig assess | I39: =I25 -> 0.2367 | J39: =J25 -> 4.9606731 | K39: =K25 -> 2.7395833 | L39: =L25 -> 0.34244792 | M39: DT4
H40: Trig Assess, buff rates | I40: =I26+I25 -> 1.17585 | J40: =J26+J25 -> 24.64304 | K40: =K26+K25 -> 13.609375 | L40: =L26+L25 -> 1.7011719 | M40: DT1, DT2, DT3, DT4, HSK3
H41: N1, N2, Status, Trig Assess | I41: =I21+I23+I24+I25 -> 37.676316 | J41: =J21+J23+J24+J25 -> 789.60663 | K41: =K21+K23+K24+K25 -> 436.06847 | L41: =L21+L23+L24+L25 -> 54.508559 | M41: DT1, DT3, DT4, HSK3
H42: N1, Status, Trig Assess | I42: =I22+I25+I26 -> 1.393962 | J42: =J22+J25+J26 -> 29.214152 | K42: =K22+K25+K26 -> 16.133819 | L42: =L22+L25+L26 -> 2.0167274 | M42: DT1, DT4, HSK3

Sheet 25181
N2: 188 | O2: 5 | P2: 28
C3: Load number: | E3: 25181 | N3: 202 | O3: 2 | P3: 6
C4: First | E4: DOY | F4: Hour | G4: Min | H4: Days: | I4: Delta | K4: Burst enabled?
D5: Start: | E5: 181 | F5: 3 | G5: 15 | H5: =E5+(F5+G5/60)/24 -> 181.13542 | N5: 181 | O5: 3 | P5: 10
D6: Stop: | E6: 201 | F6: 17 | G6: 35 | H6: =E6+(F6+G6/60)/24 -> 201.73264 | I6: =H6-H5 -> 20.597222 | K6: yes | N6: 201 | O6: 17 | P6: 35
C7: Second | O7: The fields in blue need to be updated for each load
D8: Start: | E8: 206 | F8: 20 | G8: 15 | H8: =E8+(F8+G8/60)/24 -> 206.84375 | N8: 206 | O8: 20 | P8: 15
D9: Stop: | E9: 207 | F9: 17 | G9: 23 | H9: =E9+(F9+G9/60)/24 -> 207.72431 | I9: =H9-H8 -> 0.88055556 | K9: no | N9: 207 | O9: 0 | P9: 0
C11: How many power-on instances are in this load?: | G11: 1
D13: Settings:
E14: N1 | F14: 180
E15: Macro 103/104? | F15: 103 | G15: --> | H15: N2mon = | I15: =IF(F16=101,3,IF(F15=103,3,2)) -> 3
E16: Macro 105-110? | F16: 105 | H16: macro used= | I16: =IF(F16=101,106, F16) -> 105 | J16: <-- if macro=101, then macro 103/104 field is ignored, and settings for macro 103/106 are automatically used
E17: N3 | F17: 7200
E18: Status | F18: 1800
L19: Science
D20: Telemetry product: | H20: Days | I20: Mbits/day | J20: Total Mbits | K20: bps | L20: bytes/s
E21: N1 | F21: 0x691 | H21: =I$6+I$9 -> 21.477778 | I21: =IF(I15=2,(VLOOKUP($I$16,'Packet size and rates'!G110:AH115, 16,FALSE())), (VLOOKUP($I$16,'Packet size and rates'!G103:AH108, 16,FALSE())))*('Packet size and rates'!V117/F14) -> 0.95424 | J21: =H21*I21 -> 20.494955 | K21: =1000000*I21/(24*3600) -> 11.044444 | L21: =K21/8 -> 1.3805556 | M21: PEPSSI_DT1 | P21: 11.044444 | Q21: 1.3805556
E22: N3 | F22: 0x693 | H22: =I$6+I$9 -> 21.477778 | I22: =IF(I15=2,(VLOOKUP($I$16,'Packet size and rates'!G110:AH115, 19,FALSE())), (VLOOKUP($I$16,'Packet size and rates'!G103:AH108, 19,FALSE())))*('Packet size and rates'!Y117/F17) -> 0.218112 | J22: =H22*I22 -> 4.6845611 | K22: =1000000*I22/(24*3600) -> 2.5244444 | L22: =K22/8 -> 0.31555556 | M22: PEPSSI_DT2 | P22: 2.5244444 | Q22: 0.31555556
E23: Status | F23: 0x685 | H23: =I$6+I$9 -> 21.477778 | I23: =IF(I15=2,(VLOOKUP($I$16,'Packet size and rates'!G110:AH115, 13,FALSE())), (VLOOKUP($I$16,'Packet size and rates'!G103:AH108, 13,FALSE())))*('Packet size and rates'!S117/F18) -> 0.024576 | J23: =H23*I23 -> 0.52783787 | K23: =1000000*I23/(24*3600) -> 0.28444444 | L23: =K23/8 -> 0.035555556 | M23: INST_HSK_3 | P23: 0.28444444 | Q23: 0.035555556
E24: N2 | F24: 0x692 | H24: =IF(K$9="yes",I$9,0)+IF(K$6="yes",I$6,0) -> 20.597222 | I24: =IF(I15=2,(VLOOKUP($I$16,'Packet size and rates'!G110:AH115, 25,FALSE())), (VLOOKUP($I$16,'Packet size and rates'!G103:AH108, 25,FALSE()))) -> 0.2532 | J24: =H24*I24 -> 5.2152167 | K24: =1000000*I24/(24*3600) -> 2.9305556 | L24: =K24/8 -> 0.36631944 | M24: PEPSSI_DT3 | P24: 2.9305556 | Q24: 0.36631944
E25: Trigger packet | F25: 0x68A | H25: =IF(K$9="yes",I$9,0)+IF(K$6="yes",I$6,0) -> 20.597222 | I25: =IF(I15=2,(VLOOKUP($I$16,'Packet size and rates'!G110:AH115, 5,FALSE())), (VLOOKUP($I$16,'Packet size and rates'!G103:AH108, 5,FALSE()))) -> 0.2367 | J25: =H25*I25 -> 4.8753625 | K25: =1000000*I25/(24*3600) -> 2.7395833 | L25: =K25/8 -> 0.34244792 | M25: PEPSSI_DT4 | P25: 2.7395833 | Q25: 0.34244792
E26: Buffered Rates | F26: 0x697 | H26: =IF(K$9="yes",I$9,0)+IF(K$6="yes",I$6,0) -> 20.597222 | I26: =IF(I15=2,(VLOOKUP($I$16,'Packet size and rates'!G110:AH115, 8,FALSE())), (VLOOKUP($I$16,'Packet size and rates'!G103:AH108, 8,FALSE()))) -> 0.93915 | J26: =H26*I26 -> 19.343881 | K26: =1000000*I26/(24*3600) -> 10.869792 | L26: =K26/8 -> 1.358724 | M26: DT2 if Mac102, otherwise DT3 | P26: 10.869792 | Q26: 1.358724
E27: SubTotal | I27: =SUM(I21:I26) -> 2.625978 | J27: =SUM(J21:J26) -> 55.141814 | K27: =SUM(K21:K26) -> 30.393264 | L27: =SUM(L21:L26) -> 3.799158
E29: Power-on | J29: =1.6*G11 -> 1.6
E31: Total | J31: =J27+J29 -> 56.741814
I33: Mbits/day | J33: Mbits | K33: bps | L33: bytes/s
H34: N1/N3/Status | I34: =I21+I22+I23 -> 1.196928 | J34: =J21+J22+J23 -> 25.707354 | K34: =K21+K22+K23 -> 13.853333 | L34: =L21+L22+L23 -> 1.7316667 | M34: DT1, DT2, HSK3 | N34: Survey
H35: buff rates + N1/N3/Status | I35: =I26+I23+I22+I21 -> 2.136078 | J35: =J26+J23+J22+J21 -> 45.051235 | K35: =K26+K23+K22+K21 -> 24.723125 | L35: =L26+L23+L22+L21 -> 3.0903906 | M35: DT1, DT2, HSK3 (if Macro102) | N35: PEPSSI_DT2 if macro 102 | R35: 181-201 | S35: 44 | T35: surv+br
H36: N2, buff rates, N1/N3/Status | I36: =I26+I24+I23+I22+I21 -> 2.389278 | J36: =J26+J24+J23+J22+J21 -> 50.266452 | K36: =K26+K24+K23+K22+K21 -> 27.653681 | L36: =L26+L24+L23+L22+L21 -> 3.4567101 | M36: DT1, DT2, DT3,HSK3 | R36: 206-207 | S36: 0.2 | T36: surv only
H37: Trig Assess, N2, buff rates, N1/N3/Status | I37: =SUM(I21:I26) -> 2.625978 | J37: =SUM(J21:J26) -> 55.141814 | K37: =SUM(K21:K26) -> 30.393264 | L37: =SUM(L21:L26) -> 3.799158 | M37: DT1, DT2, DT3, DT4, HSK3
H38: N2 | I38: =I24 -> 0.2532 | J38: =J24 -> 5.2152167 | K38: =K24 -> 2.9305556 | L38: =L24 -> 0.36631944 | M38: DT3
H39: trig assess | I39: =I25 -> 0.2367 | J39: =J25 -> 4.8753625 | K39: =K25 -> 2.7395833 | L39: =L25 -> 0.34244792 | M39: DT4
H40: Trig Assess, buff rates | I40: =I26+I25 -> 1.17585 | J40: =J26+J25 -> 24.219244 | K40: =K26+K25 -> 13.609375 | L40: =L26+L25 -> 1.7011719 | M40: DT1, DT2, DT3, DT4, HSK3
H41: N1, N2, Status, Trig Assess | I41: =I21+I23+I24+I25 -> 1.468716 | J41: =J21+J23+J24+J25 -> 31.113372 | K41: =K21+K23+K24+K25 -> 16.999028 | L41: =L21+L23+L24+L25 -> 2.1248785 | M41: DT1, DT3, DT4, HSK3
H42: N1, Status, Trig Assess | I42: =I22+I25+I26 -> 1.393962 | J42: =J22+J25+J26 -> 28.903805 | K42: =K22+K25+K26 -> 16.133819 | L42: =L22+L25+L26 -> 2.0167274 | M42: DT1, DT4, HSK3
H43: N3, buff rates | I43: =I26+I22 -> 1.157262 | J43: =J26+J22 -> 24.028442 | K43: =K26+K22 -> 13.394236 | L43: =L26+L22 -> 1.6742795 | M43: DT2 with macro 102

Sheet 25207
C3: Load number: | E3: 25207
C4: First | E4: DOY | F4: Hour | G4: Min | H4: Days: | I4: Delta | K4: Burst enabled?
D5: Start: | E5: 217 | F5: 17 | G5: 24 | H5: =E5+(F5+G5/60)/24 -> 217.725
D6: Stop: | E6: 218 | F6: 17 | G6: 27 | H6: =E6+(F6+G6/60)/24 -> 218.72708 | I6: =H6-H5 -> 1.0020833 | K6: yes
C7: Second | O7: The fields in blue need to be updated for each load
D8: Start: | H8: =E8+(F8+G8/60)/24 -> 0 | M8: 219 | N8: 3 | O8: 27
D9: Stop: | H9: =E9+(F9+G9/60)/24 -> 0 | I9: =H9-H8 -> 0 | K9: yes | M9: =219+365-219+165 -> 530 | N9: 23 | O9: 0
E10: =365-219 -> 146 | F10: 165 | G10: =219+F10+E10 -> 530
C11: How many power-on instances are in this load?: | G11: 1
D13: Settings:
E14: N1 | F14: 360
E15: Macro 103/104? | F15: 104 | G15: --> | H15: N2mon = | I15: =IF(F16=101,3,IF(F15=103,3,2)) -> 2
E16: Macro 105-110? | F16: 105 | H16: macro used= | I16: =IF(F16=101,106, F16) -> 105 | J16: <-- if macro=101, then macro 103/104 field is ignored, and settings for macro 103/106 are automatically used
E17: N3 | F17: 900
E18: Status | F18: 1800
L19: Science
D20: Telemetry product: | H20: Days | I20: Mbits/day | J20: Total Mbits | K20: bps | L20: bytes/s
E21: N1 | F21: 0x691 | H21: =I$6+I$9 -> 1.0020833 | I21: =IF(I15=2,(VLOOKUP($I$16,'Packet size and rates'!G110:AH115, 16,FALSE())), (VLOOKUP($I$16,'Packet size and rates'!G103:AH108, 16,FALSE())))*('Packet size and rates'!V117/F14) -> 0.47712 | J21: =H21*I21 -> 0.478114 | K21: =1000000*I21/(24*3600) -> 5.5222222 | L21: =K21/8 -> 0.69027778 | M21: PEPSSI_DT1 | P21: `
E22: N3 | F22: 0x693 | H22: =I$6+I$9 -> 1.0020833 | I22: =IF(I15=2,(VLOOKUP($I$16,'Packet size and rates'!G110:AH115, 19,FALSE())), (VLOOKUP($I$16,'Packet size and rates'!G103:AH108, 19,FALSE())))*('Packet size and rates'!Y117/F17) -> 1.744896 | J22: =H22*I22 -> 1.7485312 | K22: =1000000*I22/(24*3600) -> 20.195556 | L22: =K22/8 -> 2.5244444 | M22: PEPSSI_DT2 | P22: 20.195556
E23: Status | F23: 0x685 | H23: =I$6+I$9 -> 1.0020833 | I23: =IF(I15=2,(VLOOKUP($I$16,'Packet size and rates'!G110:AH115, 13,FALSE())), (VLOOKUP($I$16,'Packet size and rates'!G103:AH108, 13,FALSE())))*('Packet size and rates'!S117/F18) -> 0.024576 | J23: =H23*I23 -> 0.0246272 | K23: =1000000*I23/(24*3600) -> 0.28444444 | L23: =K23/8 -> 0.035555556 | M23: INST_HSK_3 | P23: 0.28444444
E24: N2 | F24: 0x692 | H24: =IF(K$9="yes",I$9,0)+IF(K$6="yes",I$6,0) -> 1.0020833 | I24: =IF(I15=2,(VLOOKUP($I$16,'Packet size and rates'!G110:AH115, 25,FALSE())), (VLOOKUP($I$16,'Packet size and rates'!G103:AH108, 25,FALSE()))) -> 0.3798 | J24: =H24*I24 -> 0.38059125 | K24: =1000000*I24/(24*3600) -> 4.3958333 | L24: =K24/8 -> 0.54947917 | M24: PEPSSI_DT3 | P24: 4.3958333
E25: Trigger packet | F25: 0x68A | H25: =IF(K$9="yes",I$9,0)+IF(K$6="yes",I$6,0) -> 1.0020833 | I25: =IF(I15=2,(VLOOKUP($I$16,'Packet size and rates'!G110:AH115, 5,FALSE())), (VLOOKUP($I$16,'Packet size and rates'!G103:AH108, 5,FALSE()))) -> 0.35505 | J25: =H25*I25 -> 0.35578969 | K25: =1000000*I25/(24*3600) -> 4.109375 | L25: =K25/8 -> 0.51367188 | M25: PEPSSI_DT4 | P25: 4.109375
E26: Buffered Rates | F26: 0x697 | H26: =IF(K$9="yes",I$9,0)+IF(K$6="yes",I$6,0) -> 1.0020833 | I26: =IF(I15=2,(VLOOKUP($I$16,'Packet size and rates'!G110:AH115, 8,FALSE())), (VLOOKUP($I$16,'Packet size and rates'!G103:AH108, 8,FALSE()))) -> 1.408725 | J26: =H26*I26 -> 1.4116598 | K26: =1000000*I26/(24*3600) -> 16.304688 | L26: =K26/8 -> 2.0380859 | M26: DT2 if Mac102, otherwise DT3 | P26: 16.304688
E27: SubTotal | I27: =SUM(I21:I26) -> 4.390167 | J27: =SUM(J21:J26) -> 4.3993132 | K27: =SUM(K21:K26) -> 50.812118 | L27: =SUM(L21:L26) -> 6.3515148
E29: Power-on | J29: =1.6*G11 -> 1.6
E31: Total | J31: =J27+J29 -> 5.9993132 | T31: days
P32: not played | Q32: dt4 | R32: 159 | S32: 207 | T32: =S32-R32 -> 48 | U32: =V32*T32 -> 11.52 | V32: 0.24
I33: Mbits/day | J33: Mbits | K33: bps | L33: bytes/s | R33: 207 | S33: 218 | T33: =S33-R33 -> 11 | U33: =V33*T33 -> 4.18 | V33: 0.38
H34: N1/N3/Status | I34: =I21+I22+I23 -> 2.246592 | J34: =J21+J22+J23 -> 2.2512724 | K34: =K21+K22+K23 -> 26.002222 | L34: =L21+L22+L23 -> 3.2502778 | M34: DT1, DT2, HSK3 | N34: Survey | U34: =U33+U32 -> 15.7
H35: buff rates + N1/N3/Status | I35: =I26+I23+I22+I21 -> 3.655317 | J35: =J26+J23+J22+J21 -> 3.6629322 | K35: =K26+K23+K22+K21 -> 42.30691 | L35: =L26+L23+L22+L21 -> 5.2883637 | M35: DT1, DT2, HSK3 (if Macro102) | N35: PEPSSI_DT2 if macro 102 | Q35: 40.22 | R35: surv+br | S35: 207-218
H36: N2, buff rates, N1/N3/Status | I36: =I26+I24+I23+I22+I21 -> 4.035117 | J36: =J26+J24+J23+J22+J21 -> 4.0435235 | K36: =K26+K24+K23+K22+K21 -> 46.702743 | L36: =L26+L24+L23+L22+L21 -> 5.8378429 | M36: DT1, DT2, DT3,HSK3 (no macro102?)
H37: Trig Assess, N2, buff rates, N1/N3/Status | I37: =SUM(I21:I26) -> 4.390167 | J37: =SUM(J21:J26) -> 4.3993132 | K37: =SUM(K21:K26) -> 50.812118 | L37: =SUM(L21:L26) -> 6.3515148 | M37: DT1, DT2, DT3, DT4, HSK3
H38: N2 | I38: =I24 -> 0.3798 | J38: =J24 -> 0.38059125 | K38: =K24 -> 4.3958333 | L38: =L24 -> 0.54947917 | M38: DT3 if Macro 102 | R38: total swap | S38: total pepssi
H39: trig assess | I39: =I25 -> 0.35505 | J39: =J25 -> 0.35578969 | K39: =K25 -> 4.109375 | L39: =L25 -> 0.51367188 | M39: DT4 | Q39: 25096 | R39: 16 | S39: =T39+U39+V39 -> 41 | T39: 5 | U39: 6 | V39: 30
H40: Trig Assess, buff rates | I40: =I26+I25 -> 1.763775 | J40: =J26+J25 -> 1.7674495 | K40: =K26+K25 -> 20.414062 | L40: =L26+L25 -> 2.5517578 | M40: DT1, DT2, DT3, DT4, HSK3 | Q40: 25118 | R40: 18 | S40: =T40+U40+V40 -> 47 | T40: 5 | U40: 7 | V40: 35
H41: N1, N2, Status, Trig Assess | I41: =I21+I23+I24+I25 -> 1.236546 | J41: =J21+J23+J24+J25 -> 1.2391221 | K41: =K21+K23+K24+K25 -> 14.311875 | L41: =L21+L23+L24+L25 -> 1.7889844 | M41: DT1, DT3, DT4, HSK3 | Q41: 25138 | R41: 66 | S41: =T41+U41+V41 -> 54 | T41: 4 | U41: 8 | V41: 42
H42: N1, Status, Trig Assess | I42: =I21+I23+I25 -> 0.856746 | J42: =J21+J23+J25 -> 0.85853089 | K42: =K22+K25+K26 -> 40.609618 | L42: =L22+L25+L26 -> 5.0762023 | M42: DT1, DT4, HSK3 | Q42: 25159 | R42: 90 | S42: =T42+U42+V42 -> 146 | T42: 41 | V42: 105
H43: N3, buff rates | I43: =I26+I22 -> 3.153621 | J43: =J26+J22 -> 3.160191 | K43: =K26+K22 -> 36.500243 | L43: =L26+L22 -> 4.5625304 | M43: DT2 with macro 102 | O43: for ralph | Q43: rtcs | R43: 23
O44: =304-P44 -> 130 | P44: =R44+S44 -> 174 | Q44: 25181 | R44: 125 | S44: =T44+U44+V44 -> 49 | V44: 49
K45: swap | N45: pep | Q45: 25207 | R45: 40 | S45: =T45+U45+V45 -> 40 | V45: 40
K46: Thru 159 | N46: Thru 159 | Q46: totals | R46: =SUM(R39:R45) -> 378 | S46: =SUM(S39:S45) -> 377
K47: 16 | N47: 41 | O47: Dt4 – hib
K48: 18 | N48: 5 | O48: Dt4 96 | R48: =378-R40-R39 -> 344
K49: 66 | N49: 5 | O49: Dt4 118
K50: 90 | N50: 4 | O50: Dt4 139
K51: 23 | N51: 6 | O51: 96-107 n2
N52: 7 | O52: 107-119 n2
N53: 8 | O53: 119-135 n2
N54: 30 | O54: 96-107 n1/n3/st/br
N55: 35 | O55: 107-119 n1/n3/st/br
N56: 42 | O56: 119-135 n1/n3/st/br
N57: 105 | O57: 136-178 n1/n3/st/br
K58: =SUM(K47:K57) -> 213 | N58: =SUM(N47:N57) -> 288 | O58: total thru start 181
N59: =377-N58 -> 89 | O59: left
O63: actual | P63: Starting 25181 playback | V63: 89 | W63: predict | X63: Starting 25181 playback
N64: =N58+O64 -> 292.9 | O64: 4.9 | P64: 178-181 n1/n3/st/br – finish 25159 | U64: =N58+W64 -> 292.9 | V64: =V63-W64 -> 84.1 | W64: 4.9 | X64: 178-181 n1/n3/st/br – finish 25159
N65: =N64+O65 -> 299.4 | O65: 6.5 | P65: 160-181 ddt4 – 25159 trig assess | U65: =U64+W65 -> 299.4 | V65: =V64-W65 -> 77.6 | W65: 6.5 | X65: 160-181 ddt4 – 25159 trig assess
N66: =N65+O66 -> 302.9 | O66: 3.5 | P66: 181-183 n1/n2/st/TA | U66: =U65+W66 -> 302.9 | V66: =V65-W66 -> 74.1 | W66: 3.5 | X66: 181-183 n1/n2/st/TA
U67: =U66+W67 -> 309.8 | V67: =V66-W67 -> 67.2 | W67: 6.9 | X67: 183-188 n1/n2/st/TA
N68: =N66+O68 -> 329.57555 | O68: =6.897+14.124+5.65455 -> 26.67555 | P68: 183/1246-201/1640 n1/n2/st/TA | U68: =U67+W68 -> 330.2 | V68: =V67-W68 -> 46.8 | W68: 20.4 | X68: 188-202 n1/n2/st/TA
N69: =N68+O69 -> 330.77555 | O69: 1.2 | P69: 206/2015 pwr on survey to 27/1524 (survey) | U69: =U68+W69 -> 331.4 | V69: =V68-W69 -> 45.6 | W69: 1.2 | X69: 206/2015 pwr on survey to 27/1524 (survey)
N70: =N69+O70 -> 341.77555 | O70: 11 | P70: 207/1724 n1/n2/st/TA to 218/1727 | U70: =U69+W70 -> 342.4 | V70: =V69-W70 -> 34.6 | W70: 11 | X70: 207/1724 n1/n2/st/TA to 218/1727
N71: =N70+O71 -> 357.77555 | O71: 16 | P71: 170/0000-1031 N2 | U71: =U70+W71 -> 359.7 | V71: =V70-W71 -> 17.3 | W71: =V70/2 -> 17.3 | X71: n2 from 25159
I72: 347/0119-45/0454 hib | J72: 164 | K72: =K58+J72 -> 377 | N72: =N71+O72 -> 381.77555 | O72: 24 | P72: 181-202 BR/N3 | U72: =U71+W72 -> 377 | V72: =V71-W72 -> 0 | W72: 17.3 | X72: N3/BR from wherever
W73: choose from:
W74: 16 | X74: 181-202 N3/BR
W75: 29.5 | X75: 202-218 N3/BR

Sheet 26179
C3: Load number: | E3: 26179
C4: First | E4: DOY | F4: Hour | G4: Min | H4: Days: | I4: Delta | K4: Burst enabled?
D5: Start: | E5: 179 | F5: 2 | G5: 45 | H5: =E5+(F5+G5/60)/24 -> 179.11458
D6: Stop: | E6: 201 | F6: 20 | G6: 10 | H6: =E6+(F6+G6/60)/24 -> 201.84028 | I6: =H6-H5 -> 22.725694 | K6: yes
C7: Second | O7: The fields in blue need to be updated for each load
D8: Start: | H8: =E8+(F8+G8/60)/24 -> 0 | M8: 219 | N8: 3 | O8: 27
D9: Stop: | H9: =E9+(F9+G9/60)/24 -> 0 | I9: =H9-H8 -> 0 | K9: yes | M9: =219+365-219+165 -> 530 | N9: 23 | O9: 0
E10: =365-219 -> 146 | F10: 165 | G10: =219+F10+E10 -> 530
C11: How many power-on instances are in this load?: | G11: 1
D13: Settings:
E14: N1 | F14: 360
E15: Macro 103/104? | F15: 104 | G15: --> | H15: N2mon = | I15: =IF(F16=101,3,IF(F15=103,3,2)) -> 2
E16: Macro 105-110? | F16: 105 | H16: macro used= | I16: =IF(F16=101,106, F16) -> 105 | J16: <-- if macro=101, then macro 103/104 field is ignored, and settings for macro 103/106 are automatically used
E17: N3 | F17: 900
E18: Status | F18: 1800
L19: Science
D20: Telemetry product: | H20: Days | I20: Mbits/day | J20: Total Mbits | K20: bps | L20: bytes/s
E21: N1 | F21: 0x691 | H21: =I$6+I$9 -> 22.725694 | I21: =IF(I15=2,(VLOOKUP($I$16,'Packet size and rates'!G110:AH115, 16,FALSE())), (VLOOKUP($I$16,'Packet size and rates'!G103:AH108, 16,FALSE())))*('Packet size and rates'!V117/F14) -> 0.47712 | J21: =H21*I21 -> 10.842883 | K21: =1000000*I21/(24*3600) -> 5.5222222 | L21: =K21/8 -> 0.69027778 | M21: PEPSSI_DT1 | P21: `
E22: N3 | F22: 0x693 | H22: =I$6+I$9 -> 22.725694 | I22: =IF(I15=2,(VLOOKUP($I$16,'Packet size and rates'!G110:AH115, 19,FALSE())), (VLOOKUP($I$16,'Packet size and rates'!G103:AH108, 19,FALSE())))*('Packet size and rates'!Y117/F17) -> 1.744896 | J22: =H22*I22 -> 39.653973 | K22: =1000000*I22/(24*3600) -> 20.195556 | L22: =K22/8 -> 2.5244444 | M22: PEPSSI_DT2 | P22: 20.195556
B23: =150/2.2 -> 68.181818 | E23: Status | F23: 0x685 | H23: =I$6+I$9 -> 22.725694 | I23: =IF(I15=2,(VLOOKUP($I$16,'Packet size and rates'!G110:AH115, 13,FALSE())), (VLOOKUP($I$16,'Packet size and rates'!G103:AH108, 13,FALSE())))*('Packet size and rates'!S117/F18) -> 0.024576 | J23: =H23*I23 -> 0.55850667 | K23: =1000000*I23/(24*3600) -> 0.28444444 | L23: =K23/8 -> 0.035555556 | M23: INST_HSK_3 | P23: 0.28444444
B24: =B23*1.2 -> 81.818182 | E24: N2 | F24: 0x692 | H24: =IF(K$9="yes",I$9,0)+IF(K$6="yes",I$6,0) -> 22.725694 | I24: =IF(I15=2,(VLOOKUP($I$16,'Packet size and rates'!G110:AH115, 25,FALSE())), (VLOOKUP($I$16,'Packet size and rates'!G103:AH108, 25,FALSE()))) -> 0.3798 | J24: =H24*I24 -> 8.6312187 | K24: =1000000*I24/(24*3600) -> 4.3958333 | L24: =K24/8 -> 0.54947917 | M24: PEPSSI_DT3 | P24: 4.3958333
E25: Trigger packet | F25: 0x68A | H25: =IF(K$9="yes",I$9,0)+IF(K$6="yes",I$6,0) -> 22.725694 | I25: =IF(I15=2,(VLOOKUP($I$16,'Packet size and rates'!G110:AH115, 5,FALSE())), (VLOOKUP($I$16,'Packet size and rates'!G103:AH108, 5,FALSE()))) -> 0.35505 | J25: =H25*I25 -> 8.0687578 | K25: =1000000*I25/(24*3600) -> 4.109375 | L25: =K25/8 -> 0.51367188 | M25: PEPSSI_DT4 | P25: 4.109375
B26: 80 gm protein | E26: Buffered Rates | F26: 0x697 | H26: =IF(K$9="yes",I$9,0)+IF(K$6="yes",I$6,0) -> 22.725694 | I26: =IF(I15=2,(VLOOKUP($I$16,'Packet size and rates'!G110:AH115, 8,FALSE())), (VLOOKUP($I$16,'Packet size and rates'!G103:AH108, 8,FALSE()))) -> 1.408725 | J26: =H26*I26 -> 32.014254 | K26: =1000000*I26/(24*3600) -> 16.304688 | L26: =K26/8 -> 2.0380859 | M26: DT3 nominally, DT2 if Mac102 | P26: 16.304688
B27: most metabolic organ is muscle | E27: SubTotal | I27: =SUM(I21:I26) -> 4.390167 | J27: =SUM(J21:J26) -> 99.769594 | K27: =SUM(K21:K26) -> 50.812118 | L27: =SUM(L21:L26) -> 6.3515148
B28: fat slows things down
B29: don't want to lose muscle | E29: Power-on | J29: =1.6*G11 -> 1.6
E31: Total | J31: =J27+J29 -> 101.36959
I33: Mbits/day | J33: Mbits | K33: bps | L33: bytes/s
H34: N1/N3/Status | I34: =I21+I22+I23 -> 2.246592 | J34: =J21+J22+J23 -> 51.055363 | K34: =K21+K22+K23 -> 26.002222 | L34: =L21+L22+L23 -> 3.2502778 | M34: DT1, DT2, HSK3 (no Macro 102)
H35: buff rates + N1/N3/Status | I35: =I26+I23+I22+I21 -> 3.655317 | J35: =J26+J23+J22+J21 -> 83.069617 | K35: =K26+K23+K22+K21 -> 42.30691 | L35: =L26+L23+L22+L21 -> 5.2883637 | M35: DT1, DT2, HSK3 (if Macro102)
H36: N2, buff rates, N1/N3/Status | I36: =I26+I24+I23+I22+I21 -> 4.035117 | J36: =J26+J24+J23+J22+J21 -> 91.700836 | K36: =K26+K24+K23+K22+K21 -> 46.702743 | L36: =L26+L24+L23+L22+L21 -> 5.8378429 | M36: DT1, DT2, DT3,HSK3
H37: Trig Assess, N2, buff rates, N1/N3/Status | I37: =SUM(I21:I26) -> 4.390167 | J37: =SUM(J21:J26) -> 99.769594 | K37: =SUM(K21:K26) -> 50.812118 | L37: =SUM(L21:L26) -> 6.3515148 | M37: DT1, DT2, DT3, DT4, HSK3
H38: N2 | I38: =I24 -> 0.3798 | J38: =J24 -> 8.6312187 | K38: =K24 -> 4.3958333 | L38: =L24 -> 0.54947917 | M38: DT3 if Macro 102
H39: trig assess | I39: =I25 -> 0.35505 | J39: =J25 -> 8.0687578 | K39: =K25 -> 4.109375 | L39: =L25 -> 0.51367188 | M39: DT4
H40: Trig Assess, buff rates | I40: =I26+I25 -> 1.763775 | J40: =J26+J25 -> 40.083012 | K40: =K26+K25 -> 20.414062 | L40: =L26+L25 -> 2.5517578 | M40: Can't command this (buff rates either comes with N2 or N3 depending on Macro 102)
H41: N1, N2, Status, Trig Assess | I41: =I21+I23+I24+I25 -> 1.236546 | J41: =J21+J23+J24+J25 -> 28.101367 | K41: =K21+K23+K24+K25 -> 14.311875 | L41: =L21+L23+L24+L25 -> 1.7889844 | M41: DT1, DT3, DT4, HSK3 (no Macro 102)
H42: N1, Status, Trig Assess | I42: =I21+I23+I25 -> 0.856746 | J42: =J21+J23+J25 -> 19.470148 | K42: =K22+K25+K26 -> 40.609618 | L42: =L22+L25+L26 -> 5.0762023 | M42: DT1, DT4, HSK3
H43: N3, buff rates | I43: =I26+I22 -> 3.153621 | J43: =J26+J22 -> 71.668227 | K43: =K26+K22 -> 36.500243 | L43: =L26+L22 -> 4.5625304 | M43: DT2 with macro 102
J45: =J34+J38+J39+J26 -> 99.769594
J46: 1.6
J47: =J46+J45 -> 101.36959
J48: =J26+J25 -> 40.083012

Sheet 26201
C3: Load number: | E3: 25207
C4: First | E4: DOY | F4: Hour | G4: Min | H4: Days: | I4: Delta | K4: Burst enabled?
D5: Start: | E5: 179 | F5: 0 | G5: 0 | H5: =E5+(F5+G5/60)/24 -> 179
D6: Stop: | E6: 201 | F6: 0 | G6: 0 | H6: =E6+(F6+G6/60)/24 -> 201 | I6: =H6-H5 -> 22 | K6: yes
C7: Second | O7: The fields in blue need to be updated for each load
D8: Start: | H8: =E8+(F8+G8/60)/24 -> 0 | M8: 219 | N8: 3 | O8: 27
D9: Stop: | H9: =E9+(F9+G9/60)/24 -> 0 | I9: =H9-H8 -> 0 | K9: yes | M9: =219+365-219+165 -> 530 | N9: 23 | O9: 0
E10: =365-219 -> 146 | F10: 165 | G10: =219+F10+E10 -> 530
C11: How many power-on instances are in this load?: | G11: 1
D13: Settings:
E14: N1 | F14: 360
E15: Macro 103/104? | F15: 103 | G15: --> | H15: N2mon = | I15: =IF(F16=101,3,IF(F15=103,3,2)) -> 3
E16: Macro 105-110? | F16: 109 | H16: macro used= | I16: =IF(F16=101,106, F16) -> 109 | J16: <-- if macro=101, then macro 103/104 field is ignored, and settings for macro 103/106 are automatically used
E17: N3 | F17: 7200
E18: Status | F18: 1800
L19: Science
D20: Telemetry product: | H20: Days | I20: Mbits/day | J20: Total Mbits | K20: bps | L20: bytes/s
E21: N1 | F21: 0x691 | H21: =I$6+I$9 -> 22 | I21: =IF(I15=2,(VLOOKUP($I$16,'Packet size and rates'!G110:AH115, 16,FALSE())), (VLOOKUP($I$16,'Packet size and rates'!G103:AH108, 16,FALSE())))*('Packet size and rates'!V117/F14) -> 0.47712 | J21: =H21*I21 -> 10.49664 | K21: =1000000*I21/(24*3600) -> 5.5222222 | L21: =K21/8 -> 0.69027778 | M21: PEPSSI_DT1 | P21: `
E22: N3 | F22: 0x693 | H22: =I$6+I$9 -> 22 | I22: =IF(I15=2,(VLOOKUP($I$16,'Packet size and rates'!G110:AH115, 19,FALSE())), (VLOOKUP($I$16,'Packet size and rates'!G103:AH108, 19,FALSE())))*('Packet size and rates'!Y117/F17) -> 0.218112 | J22: =H22*I22 -> 4.798464 | K22: =1000000*I22/(24*3600) -> 2.5244444 | L22: =K22/8 -> 0.31555556 | M22: PEPSSI_DT2 | P22: 20.195556
E23: Status | F23: 0x685 | H23: =I$6+I$9 -> 22 | I23: =IF(I15=2,(VLOOKUP($I$16,'Packet size and rates'!G110:AH115, 13,FALSE())), (VLOOKUP($I$16,'Packet size and rates'!G103:AH108, 13,FALSE())))*('Packet size and rates'!S117/F18) -> 0.024576 | J23: =H23*I23 -> 0.540672 | K23: =1000000*I23/(24*3600) -> 0.28444444 | L23: =K23/8 -> 0.035555556 | M23: INST_HSK_3 | P23: 0.28444444
E24: N2 | F24: 0x692 | H24: =IF(K$9="yes",I$9,0)+IF(K$6="yes",I$6,0) -> 22 | I24: =IF(I15=2,(VLOOKUP($I$16,'Packet size and rates'!G110:AH115, 25,FALSE())), (VLOOKUP($I$16,'Packet size and rates'!G103:AH108, 25,FALSE()))) -> 1.5192 | J24: =H24*I24 -> 33.4224 | K24: =1000000*I24/(24*3600) -> 17.583333 | L24: =K24/8 -> 2.1979167 | M24: PEPSSI_DT3 | P24: 4.3958333
E25: Trigger packet | F25: 0x68A | H25: =IF(K$9="yes",I$9,0)+IF(K$6="yes",I$6,0) -> 22 | I25: =IF(I15=2,(VLOOKUP($I$16,'Packet size and rates'!G110:AH115, 5,FALSE())), (VLOOKUP($I$16,'Packet size and rates'!G103:AH108, 5,FALSE()))) -> 0.2367 | J25: =H25*I25 -> 5.2074 | K25: =1000000*I25/(24*3600) -> 2.7395833 | L25: =K25/8 -> 0.34244792 | M25: PEPSSI_DT4 | P25: 4.109375
E26: Buffered Rates | F26: 0x697 | H26: =IF(K$9="yes",I$9,0)+IF(K$6="yes",I$6,0) -> 22 | I26: =IF(I15=2,(VLOOKUP($I$16,'Packet size and rates'!G110:AH115, 8,FALSE())), (VLOOKUP($I$16,'Packet size and rates'!G103:AH108, 8,FALSE()))) -> 0.93915 | J26: =H26*I26 -> 20.6613 | K26: =1000000*I26/(24*3600) -> 10.869792 | L26: =K26/8 -> 1.358724 | M26: DT2 if Mac102, otherwise DT3 | P26: 16.304688
E27: SubTotal | I27: =SUM(I21:I26) -> 3.414858 | J27: =SUM(J21:J26) -> 75.126876 | K27: =SUM(K21:K26) -> 39.523819 | L27: =SUM(L21:L26) -> 4.9404774
E29: Power-on | J29: =1.6*G11 -> 1.6
E31: Total | J31: =J27+J29 -> 76.726876
I33: Mbits/day | J33: Mbits | K33: bps | L33: bytes/s
H34: N1/N3/Status | I34: =I21+I22+I23 -> 0.719808 | J34: =J21+J22+J23 -> 15.835776 | K34: =K21+K22+K23 -> 8.3311111 | L34: =L21+L22+L23 -> 1.0413889 | M34: DT1, DT2, HSK3 (no Macro 102) | N34: DT1, DT2, HSK3 (no Macro 102)
H35: buff rates + N1/N3/Status | I35: =I26+I23+I22+I21 -> 1.658958 | J35: =J26+J23+J22+J21 -> 36.497076 | K35: =K26+K23+K22+K21 -> 19.200903 | L35: =L26+L23+L22+L21 -> 2.4001128 | M35: DT1, DT2, HSK3 (if Macro102) | N35: DT1, DT2, HSK3 (if Macro102)
H36: N2, buff rates, N1/N3/Status | I36: =I26+I24+I23+I22+I21 -> 3.178158 | J36: =J26+J24+J23+J22+J21 -> 69.919476 | K36: =K26+K24+K23+K22+K21 -> 36.784236 | L36: =L26+L24+L23+L22+L21 -> 4.5980295 | M36: DT1, DT2, DT3,HSK3 | N36: DT1, DT2, DT3,HSK3
H37: Trig Assess, N2, buff rates, N1/N3/Status | I37: =SUM(I21:I26) -> 3.414858 | J37: =SUM(J21:J26) -> 75.126876 | K37: =SUM(K21:K26) -> 39.523819 | L37: =SUM(L21:L26) -> 4.9404774 | M37: DT1, DT2, DT3, DT4, HSK3 | N37: DT1, DT2, DT3, DT4, HSK3
H38: N2 | I38: =I24 -> 1.5192 | J38: =J24 -> 33.4224 | K38: =K24 -> 17.583333 | L38: =L24 -> 2.1979167 | M38: DT3 if Macro 102 | N38: DT3 if Macro 102
H39: trig assess | I39: =I25 -> 0.2367 | J39: =J25 -> 5.2074 | K39: =K25 -> 2.7395833 | L39: =L25 -> 0.34244792 | M39: DT4 | N39: DT4
H40: Trig Assess, buff rates | I40: =I26+I25 -> 1.17585 | J40: =J26+J25 -> 25.8687 | K40: =K26+K25 -> 13.609375 | L40: =L26+L25 -> 1.7011719 | M40: Can't command this (buff rates either comes with N2 or N3 depending on Macro 102) | N40: Can't command this (buff rates either comes with N2 or N3 depending on Macro 102)
H41: N1, N2, Status, Trig Assess | I41: =I21+I23+I24+I25 -> 2.257596 | J41: =J21+J23+J24+J25 -> 49.667112 | K41: =K21+K23+K24+K25 -> 26.129583 | L41: =L21+L23+L24+L25 -> 3.2661979 | M41: DT1, DT3, DT4, HSK3 (no Macro 102) | N41: DT1, DT3, DT4, HSK3 (no Macro 102)
H42: N1, Status, Trig Assess | I42: =I21+I23+I25 -> 0.738396 | J42: =J21+J23+J25 -> 16.244712 | K42: =K22+K25+K26 -> 16.133819 | L42: =L22+L25+L26 -> 2.0167274 | M42: DT1, DT4, HSK3 | N42: DT1, DT4, HSK3
H43: N3, buff rates | I43: =I26+I22 -> 1.157262 | J43: =J26+J22 -> 25.459764 | K43: =K26+K22 -> 13.394236 | L43: =L26+L22 -> 1.6742795 | M43: DT2 with macro 102 | N43: DT2 with macro 102
I72: 347/0119-45/0454 hib | J72: 164

Sheet 26222
C3: Load number: | E3: 25207
C4: First | E4: DOY | F4: Hour | G4: Min | H4: Days: | I4: Delta | K4: Burst enabled?
D5: Start: | E5: 222 | F5: 0 | G5: 0 | H5: =E5+(F5+G5/60)/24 -> 222
D6: Stop: | E6: 243 | F6: 0 | G6: 0 | H6: =E6+(F6+G6/60)/24 -> 243 | I6: =H6-H5 -> 21 | K6: yes
C7: Second | O7: The fields in blue need to be updated for each load
D8: Start: | H8: =E8+(F8+G8/60)/24 -> 0 | M8: 219 | N8: 3 | O8: 27
D9: Stop: | H9: =E9+(F9+G9/60)/24 -> 0 | I9: =H9-H8 -> 0 | K9: yes | M9: =219+365-219+165 -> 530 | N9: 23 | O9: 0
C11: How many power-on instances are in this load?: | G11: 0
D13: Settings:
E14: N1 | F14: 360
E15: Macro 103/104? | F15: 103 | G15: --> | H15: N2mon = | I15: =IF(F16=101,3,IF(F15=103,3,2)) -> 3
E16: Macro 105-110? | F16: 109 | H16: macro used= | I16: =IF(F16=101,106, F16) -> 109 | J16: <-- if macro=101, then macro 103/104 field is ignored, and settings for macro 103/106 are automatically used
E17: N3 | F17: 7200
E18: Status | F18: 1800
L19: Science
D20: Telemetry product: | H20: Days | I20: Mbits/day | J20: Total Mbits | K20: bps | L20: bytes/s
E21: N1 | F21: 0x691 | H21: =I$6+I$9 -> 21 | I21: =IF(I15=2,(VLOOKUP($I$16,'Packet size and rates'!G110:AH115, 16,FALSE())), (VLOOKUP($I$16,'Packet size and rates'!G103:AH108, 16,FALSE())))*('Packet size and rates'!V117/F14) -> 0.47712 | J21: =H21*I21 -> 10.01952 | K21: =1000000*I21/(24*3600) -> 5.5222222 | L21: =K21/8 -> 0.69027778 | M21: PEPSSI_DT1 | P21: `
E22: N3 | F22: 0x693 | H22: =I$6+I$9 -> 21 | I22: =IF(I15=2,(VLOOKUP($I$16,'Packet size and rates'!G110:AH115, 19,FALSE())), (VLOOKUP($I$16,'Packet size and rates'!G103:AH108, 19,FALSE())))*('Packet size and rates'!Y117/F17) -> 0.218112 | J22: =H22*I22 -> 4.580352 | K22: =1000000*I22/(24*3600) -> 2.5244444 | L22: =K22/8 -> 0.31555556 | M22: PEPSSI_DT2 | P22: 20.195556
E23: Status | F23: 0x685 | H23: =I$6+I$9 -> 21 | I23: =IF(I15=2,(VLOOKUP($I$16,'Packet size and rates'!G110:AH115, 13,FALSE())), (VLOOKUP($I$16,'Packet size and rates'!G103:AH108, 13,FALSE())))*('Packet size and rates'!S117/F18) -> 0.024576 | J23: =H23*I23 -> 0.516096 | K23: =1000000*I23/(24*3600) -> 0.28444444 | L23: =K23/8 -> 0.035555556 | M23: INST_HSK_3 | P23: 0.28444444
E24: N2 | F24: 0x692 | H24: =IF(K$9="yes",I$9,0)+IF(K$6="yes",I$6,0) -> 21 | I24: =IF(I15=2,(VLOOKUP($I$16,'Packet size and rates'!G110:AH115, 25,FALSE())), (VLOOKUP($I$16,'Packet size and rates'!G103:AH108, 25,FALSE()))) -> 1.5192 | J24: =H24*I24 -> 31.9032 | K24: =1000000*I24/(24*3600) -> 17.583333 | L24: =K24/8 -> 2.1979167 | M24: PEPSSI_DT3 | P24: 4.3958333
E25: Trigger packet | F25: 0x68A | H25: =IF(K$9="yes",I$9,0)+IF(K$6="yes",I$6,0) -> 21 | I25: =IF(I15=2,(VLOOKUP($I$16,'Packet size and rates'!G110:AH115, 5,FALSE())), (VLOOKUP($I$16,'Packet size and rates'!G103:AH108, 5,FALSE()))) -> 0.2367 | J25: =H25*I25 -> 4.9707 | K25: =1000000*I25/(24*3600) -> 2.7395833 | L25: =K25/8 -> 0.34244792 | M25: PEPSSI_DT4 | P25: 4.109375
E26: Buffered Rates | F26: 0x697 | H26: =IF(K$9="yes",I$9,0)+IF(K$6="yes",I$6,0) -> 21 | I26: =IF(I15=2,(VLOOKUP($I$16,'Packet size and rates'!G110:AH115, 8,FALSE())), (VLOOKUP($I$16,'Packet size and rates'!G103:AH108, 8,FALSE()))) -> 0.93915 | J26: =H26*I26 -> 19.72215 | K26: =1000000*I26/(24*3600) -> 10.869792 | L26: =K26/8 -> 1.358724 | M26: DT2 if Mac102, otherwise DT3 | P26: 16.304688
E27: SubTotal | I27: =SUM(I21:I26) -> 3.414858 | J27: =SUM(J21:J26) -> 71.712018 | K27: =SUM(K21:K26) -> 39.523819 | L27: =SUM(L21:L26) -> 4.9404774
E29: Power-on | J29: =1.6*G11 -> 0
E31: Total | J31: =J27+J29 -> 71.712018
I33: Mbits/day | J33: Mbits | K33: bps | L33: bytes/s
H34: N1/N3/Status - "Survey" | I34: =I21+I22+I23 -> 0.719808 | J34: =J21+J22+J23 -> 15.115968 | K34: =K21+K22+K23 -> 8.3311111 | L34: =L21+L22+L23 -> 1.0413889 | M34: DT1, DT2, HSK3 (no Macro 102)
H35: buff rates + N1/N3/Status | I35: =I26+I23+I22+I21 -> 1.658958 | J35: =J26+J23+J22+J21 -> 34.838118 | K35: =K26+K23+K22+K21 -> 19.200903 | L35: =L26+L23+L22+L21 -> 2.4001128 | M35: DT1, DT2, HSK3 (if Macro102)
H36: N2, buff rates, N1/N3/Status | I36: =I26+I24+I23+I22+I21 -> 3.178158 | J36: =J26+J24+J23+J22+J21 -> 66.741318 | K36: =K26+K24+K23+K22+K21 -> 36.784236 | L36: =L26+L24+L23+L22+L21 -> 4.5980295 | M36: DT1, DT2, DT3,HSK3
H37: Trig Assess, N2, buff rates, N1/N3/Status | I37: =SUM(I21:I26) -> 3.414858 | J37: =SUM(J21:J26) -> 71.712018 | K37: =SUM(K21:K26) -> 39.523819 | L37: =SUM(L21:L26) -> 4.9404774 | M37: DT1, DT2, DT3, DT4, HSK3
H38: N2 | I38: =I24 -> 1.5192 | J38: =J24 -> 31.9032 | K38: =K24 -> 17.583333 | L38: =L24 -> 2.1979167 | M38: DT3 if Macro 102
H39: trig assess | I39: =I25 -> 0.2367 | J39: =J25 -> 4.9707 | K39: =K25 -> 2.7395833 | L39: =L25 -> 0.34244792 | M39: DT4
H40: Trig Assess, buff rates | I40: =I26+I25 -> 1.17585 | J40: =J26+J25 -> 24.69285 | K40: =K26+K25 -> 13.609375 | L40: =L26+L25 -> 1.7011719 | M40: Can't command this (buff rates either comes with N2 or N3 depending on Macro 102)
H41: N1, N2, Status, Trig Assess | I41: =I21+I23+I24+I25 -> 2.257596 | J41: =J21+J23+J24+J25 -> 47.409516 | K41: =K21+K23+K24+K25 -> 26.129583 | L41: =L21+L23+L24+L25 -> 3.2661979 | M41: DT1, DT3, DT4, HSK3 (no Macro 102)
H42: N1, Status, Trig Assess | I42: =I21+I23+I25 -> 0.738396 | J42: =J21+J23+J25 -> 15.506316 | K42: =K22+K25+K26 -> 16.133819 | L42: =L22+L25+L26 -> 2.0167274 | M42: DT1, DT4, HSK3
H43: N3, buff rates | I43: =I26+I22 -> 1.157262 | J43: =J26+J22 -> 24.302502 | K43: =K26+K22 -> 13.394236 | L43: =L26+L22 -> 1.6742795 | M43: DT2 with macro 102
O63: actual | P63: Starting 25181 playback | V63: 89 | W63: predict | X63: Starting 25181 playback
N64: =N58+O64 -> 4.9 | O64: 4.9 | P64: 178-181 n1/n3/st/br – finish 25159 | U64: =N58+W64 -> 4.9 | V64: =V63-W64 -> 84.1 | W64: 4.9 | X64: 178-181 n1/n3/st/br – finish 25159
N65: =N64+O65 -> 11.4 | O65: 6.5 | P65: 160-181 ddt4 – 25159 trig assess | U65: =U64+W65 -> 11.4 | V65: =V64-W65 -> 77.6 | W65: 6.5 | X65: 160-181 ddt4 – 25159 trig assess
N66: =N65+O66 -> 14.9 | O66: 3.5 | P66: 181-183 n1/n2/st/TA | U66: =U65+W66 -> 14.9 | V66: =V65-W66 -> 74.1 | W66: 3.5 | X66: 181-183 n1/n2/st/TA
U67: =U66+W67 -> 21.8 | V67: =V66-W67 -> 67.2 | W67: 6.9 | X67: 183-188 n1/n2/st/TA
N68: =N66+O68 -> 41.57555 | O68: =6.897+14.124+5.65455 -> 26.67555 | P68: 183/1246-201/1640 n1/n2/st/TA | U68: =U67+W68 -> 42.2 | V68: =V67-W68 -> 46.8 | W68: 20.4 | X68: 188-202 n1/n2/st/TA
N69: =N68+O69 -> 42.77555 | O69: 1.2 | P69: 206/2015 pwr on survey to 27/1524 (survey) | U69: =U68+W69 -> 43.4 | V69: =V68-W69 -> 45.6 | W69: 1.2 | X69: 206/2015 pwr on survey to 27/1524 (survey)
N70: =N69+O70 -> 53.77555 | O70: 11 | P70: 207/1724 n1/n2/st/TA to 218/1727 | U70: =U69+W70 -> 54.4 | V70: =V69-W70 -> 34.6 | W70: 11 | X70: 207/1724 n1/n2/st/TA to 218/1727
N71: =N70+O71 -> 69.77555 | O71: 16 | P71: 170/0000-1031 N2 | U71: =U70+W71 -> 71.7 | V71: =V70-W71 -> 17.3 | W71: =V70/2 -> 17.3 | X71: n2 from 25159
I72: 347/0119-45/0454 hib | J72: 164 | K72: =K58+J72 -> 164 | N72: =N71+O72 -> 93.77555 | O72: 24 | P72: 181-202 BR/N3 | U72: =U71+W72 -> 89 | V72: =V71-W72 -> 0 | W72: 17.3 | X72: N3/BR from wherever
W73: choose from:
W74: 16 | X74: 181-202 N3/BR
W75: 29.5 | X75: 202-218 N3/BR

Sheet posthib
C3: Load number: | E3: 25207
C4: First | E4: DOY | F4: Hour | G4: Min | H4: Days: | I4: Delta | K4: Burst enabled?
D5: Start: | E5: 135 | F5: 0 | G5: 0 | H5: =E5+(F5+G5/60)/24 -> 135
D6: Stop: | E6: 159 | F6: 0 | G6: 0 | H6: =E6+(F6+G6/60)/24 -> 159 | I6: =H6-H5 -> 24 | K6: yes
C7: Second | O7: The fields in blue need to be updated for each load
D8: Start: | E8: 159 | F8: 0 | G8: 0 | H8: =E8+(F8+G8/60)/24 -> 159
D9: Stop: | E9: 219 | F9: 0 | G9: 0 | H9: =E9+(F9+G9/60)/24 -> 219 | I9: =H9-H8 -> 60 | K9: no
C11: How many power-on instances are in this load?: | G11: 1
D13: Settings:
E14: N1 | F14: 120
E15: Macro 103/104? | F15: 103 | G15: --> | H15: N2mon = | I15: =IF(F16=101,3,IF(F15=103,3,2)) -> 3
E16: Macro 105-110? | F16: 101 | H16: macro used= | I16: =IF(F16=101,106, F16) -> 106 | J16: <-- if macro=101, then macro 103/104 field is ignored, and settings for macro 103/106 are automatically used
E17: N3 | F17: 7200
E18: Status | F18: 1800
J19: =J21+J22+J23+J26+J25 -> 168.84043 | L19: Science | M19: Science | N19: Science
D20: Telemetry product: | H20: Days | I20: Mbits/day | J20: Total Mbits | K20: all bps | L20: PB Mbits | M20: PB bps | N20: bytes/s
E21: N1 | F21: 0x691 | H21: =I$6+I$9 -> 84 | I21: =IF(I15=2,(VLOOKUP($I$16,'Packet size and rates'!G110:AH115, 16,FALSE())), (VLOOKUP($I$16,'Packet size and rates'!G103:AH108, 16,FALSE())))*('Packet size and rates'!V117/F14) -> 1.43136 | J21: =H21*I21 -> 120.23424 | K21: =1000000*I21/(24*3600) -> 16.566667 | L21: =J21 -> 120.23424 | M21: =1000000*I21/(24*3600) -> 16.566667 | N21: =M21/8 -> 2.0708333 | O21: PEPSSI_DT1
E22: N3 | F22: 0x693 | H22: =I$6+I$9 -> 84 | I22: =IF(I15=2,(VLOOKUP($I$16,'Packet size and rates'!G110:AH115, 19,FALSE())), (VLOOKUP($I$16,'Packet size and rates'!G103:AH108, 19,FALSE())))*('Packet size and rates'!Y117/F17) -> 0.218112 | J22: =H22*I22 -> 18.321408 | K22: =1000000*I22/(24*3600) -> 2.5244444 | L22: =J22 -> 18.321408 | M22: =1000000*I22/(24*3600) -> 2.5244444 | N22: =M22/8 -> 0.31555556 | O22: PEPSSI_DT2
E23: Status | F23: 0x685 | H23: =I$6+I$9 -> 84 | I23: =IF(I15=2,(VLOOKUP($I$16,'Packet size and rates'!G110:AH115, 13,FALSE())), (VLOOKUP($I$16,'Packet size and rates'!G103:AH108, 13,FALSE())))*('Packet size and rates'!S117/F18) -> 0.024576 | J23: =H23*I23 -> 2.064384 | K23: =1000000*I23/(24*3600) -> 0.28444444 | L23: =J23 -> 2.064384 | M23: =1000000*I23/(24*3600) -> 0.28444444 | N23: =M23/8 -> 0.035555556 | O23: INST_HSK_3
E24: N2 | F24: 0x692 | H24: =IF(K$9="yes",I$9,0)+IF(K$6="yes",I$6,0) -> 24 | I24: =IF(I15=2,(VLOOKUP($I$16,'Packet size and rates'!G110:AH115, 25,FALSE())), (VLOOKUP($I$16,'Packet size and rates'!G103:AH108, 25,FALSE()))) -> 0.5064 | J24: =H24*I24 -> 12.1536 | K24: =1000000*I24/(24*3600) -> 5.8611111 | O24: PEPSSI_DT3
E25: Trigger packet | F25: 0x68A | H25: =IF(K$9="yes",I$9,0)+IF(K$6="yes",I$6,0) -> 24 | I25: =IF(I15=2,(VLOOKUP($I$16,'Packet size and rates'!G110:AH115, 5,FALSE())), (VLOOKUP($I$16,'Packet size and rates'!G103:AH108, 5,FALSE()))) -> 0.2367 | J25: =H25*I25 -> 5.6808 | K25: =1000000*I25/(24*3600) -> 2.7395833 | O25: PEPSSI_DT4
E26: Buffered Rates | F26: 0x697 | H26: =IF(K$9="yes",I$9,0)+IF(K$6="yes",I$6,0) -> 24 | I26: =IF(I15=2,(VLOOKUP($I$16,'Packet size and rates'!G110:AH115, 8,FALSE())), (VLOOKUP($I$16,'Packet size and rates'!G103:AH108, 8,FALSE()))) -> 0.93915 | J26: =H26*I26 -> 22.5396 | K26: =1000000*I26/(24*3600) -> 10.869792 | L26: =J26 -> 22.5396 | M26: =1000000*I26/(24*3600) -> 10.869792 | N26: =M26/8 -> 1.358724 | O26: comes down with PEPSSI DT2 (if Macro 102)
E27: SubTotal | J27: =SUM(J21:J26) -> 180.99403 | K27: =SUM(K21:K26) -> 38.846042 | L27: =SUM(L21:L26) -> 163.15963 | M27: =SUM(M21:M26) -> 30.245347 | N27: =SUM(N21:N26) -> 3.7806684
E29: Power-on | J29: =1.6*G11 -> 1.6
E31: Total | J31: =J27+J29 -> 182.59403

Sheet Macro Summary
H3: Estimated bps | J3: Estimated Mbit/day | L3: Estimated Mbit/year
D4: Macro Number | E4: Minutes of N2 every 12 hours | F4: N2 Production per 12 hours (sec) | G4: N2 disabled per 12 hours (sec) | H4: Survey Data | I4: N2 Selective Data | J4: Survey Data | K4: N2 Selective Data | L4: Survey Data | M4: N2 Selective Data
D5: 100 | E5: ** Sets up for original burst mode which monitors Valid rate and generates burst data when rates jump up
D6: 101 | E6: ** Sets up for original continuous burst mode (i.e. 10 minutes of N2 packets every 12 hours)
D7: 102 | E7: ** pokes ApID assignment in SRAM to change buffered rate packet from 0x699 to 0x697
D8: 103 | E8: ** parameter setup for fully continuous N2 packets with N2=3 seconds
D9: 104 | E9: ** parameter setup for fully continuous N2 packets with N2=2 seconds
D10: 105 | E10: 5 | F10: =E10*60 -> 300 | G10: =43200-F10 -> 42900 | H10: ='Packet size and rates'!AA110 -> 34.267396 | I10: ='Packet size and rates'!AD110 -> 4.3958333 | J10: ='Packet size and rates'!AB110 -> 2.960703 | K10: ='Packet size and rates'!AE110 -> 0.3798 | L10: =J10*365 -> 1080.6566 | M10: =K10*365 -> 138.627
D11: 106 | E11: 10 | F11: =E11*60 -> 600 | G11: =43200-F11 -> 42600 | H11: ='Packet size and rates'!AA111 -> 34.267396 | I11: ='Packet size and rates'!AD111 -> 8.7916667 | J11: ='Packet size and rates'!AB111 -> 2.960703 | K11: ='Packet size and rates'!AE111 -> 0.7596 | L11: =J11*365 -> 1080.6566 | M11: =K11*365 -> 277.254
D12: 107 | E12: 14 | F12: =E12*60 -> 840 | G12: =43200-F12 -> 42360 | H12: ='Packet size and rates'!AA112 -> 34.267396 | I12: ='Packet size and rates'!AD112 -> 12.308333 | J12: ='Packet size and rates'!AB112 -> 2.960703 | K12: ='Packet size and rates'!AE112 -> 1.06344 | L12: =J12*365 -> 1080.6566 | M12: =K12*365 -> 388.1556
D13: 108 | E13: 20 | F13: =E13*60 -> 1200 | G13: =43200-F13 -> 42000 | H13: ='Packet size and rates'!AA113 -> 34.267396 | I13: ='Packet size and rates'!AD113 -> 17.583333 | J13: ='Packet size and rates'!AB113 -> 2.960703 | K13: ='Packet size and rates'!AE113 -> 1.5192 | L13: =J13*365 -> 1080.6566 | M13: =K13*365 -> 554.508
D14: 109 | E14: 30 | F14: =E14*60 -> 1800 | G14: =43200-F14 -> 41400 | H14: ='Packet size and rates'!AA114 -> 34.267396 | I14: ='Packet size and rates'!AD114 -> 26.375 | J14: ='Packet size and rates'!AB114 -> 2.960703 | K14: ='Packet size and rates'!AE114 -> 2.2788 | L14: =J14*365 -> 1080.6566 | M14: =K14*365 -> 831.762
D15: 110 | E15: Continuous | F15: 43200 | G15: =43200-F15 -> 0 | H15: ='Packet size and rates'!AA115 -> 34.267396 | I15: ='Packet size and rates'!AD115 -> 633 | J15: ='Packet size and rates'!AB115 -> 2.960703 | K15: ='Packet size and rates'!AE115 -> 54.6912 | L15: =J15*365 -> 1080.6566 | M15: =K15*365 -> 19962.288

Sheet TLM packet from pre-hib test
A1: Data produced by Pre-hibernation test.
B2: MET | C2: ApID | D2: Sequ Count | E2: Length | G2: Packet Length Bits
B3: 584631775 | C3: 0x0683 | D3: 54 | E3: 7
B4: 584631775 | C4: 0x0683 | D4: 54 | E4: 7 | G4: =(E4+7)*8 -> 112
B5: 584631775 | C5: 0x0683 | D5: 55 | E5: 7 | G5: =(E5+7)*8 -> 112
B6: 584631775 | C6: 0x0683 | D6: 55 | E6: 7 | G6: =(E6+7)*8 -> 112
B7: 584631775 | C7: 0x0685 | D7: 46 | E7: 57 | G7: =(E7+7)*8 -> 512
B8: 584631776 | C8: 0x0683 | D8: 56 | E8: 7 | G8: =(E8+7)*8 -> 112
B9: 584631776 | C9: 0x0683 | D9: 56 | E9: 7 | G9: =(E9+7)*8 -> 112
B10: 584631776 | C10: 0x0683 | D10: 57 | E10: 7 | G10: =(E10+7)*8 -> 112
B11: 584631776 | C11: 0x0683 | D11: 57 | E11: 7 | G11: =(E11+7)*8 -> 112
B12: 584631776 | C12: 0x0683 | D12: 58 | E12: 7 | G12: =(E12+7)*8 -> 112
B13: 584631776 | C13: 0x0683 | D13: 58 | E13: 7 | G13: =(E13+7)*8 -> 112
B14: 584631776 | C14: 0x0685 | D14: 47 | E14: 57 | G14: =(E14+7)*8 -> 512
B15: 584631777 | C15: 0x0683 | D15: 59 | E15: 6 | G15: =(E15+7)*8 -> 104
... B212: 584631848 | C212: 0x0685 | D212: 119 | E212: 57 | G212: =(E212+7)*8 -> 512
A213: =B213-B3 -> 73 | B213: 584631848 | C213: 0x0693 | D213: 0 | E213: 1100 | G213: =(E213+7)*8 -> 8856
A214: =B214-B4 -> 73 | B214: 584631848 | C214: 0x0694 | D214: 0 | E214: 1100 | G214: =(E214+7)*8 -> 8856
B215: 584631849 | C215: 0x0685 | D215: 120 | E215: 57 | G215: =(E215+7)*8 -> 512
B216: 584631849 | C216: 0x0691 | D216: 0 | E216: 227 | G216: =(E216+7)*8 -> 1872
B217: 584631850 | C217: 0x0685 | D217: 121 | E217: 57 | G217: =(E217+7)*8 -> 512
B218: 584631851 | C218: 0x0685 | D218: 122 | E218: 57 | G218: =(E218+7)*8 -> 512
B219: 584631852 | C219: 0x0685 | D219: 123 | E219: 57 | G219: =(E219+7)*8 -> 512
B220: 584631853 | C220: 0x0685 | D220: 124 | E220: 57 | G220: =(E220+7)*8 -> 512
B221: 584631854 | C221: 0x0685 | D221: 125 | E221: 57 | G221: =(E221+7)*8 -> 512
B222: 584631855 | C222: 0x0685 | D222: 126 | E222: 57 | G222: =(E222+7)*8 -> 512
B223: 584631856 | C223: 0x0685 | D223: 127 | E223: 57 | G223: =(E223+7)*8 -> 512
B224: 584631857 | C224: 0x0685 | D224: 128 | E224: 57 | G224: =(E224+7)*8 -> 512
B225: 584631858 | C225: 0x0685 | D225: 129 | E225: 57 | G225: =(E225+7)*8 -> 512
B226: 584631858 | C226: 0x0691 | D226: 1 | E226: 207 | G226: =(E226+7)*8 -> 1712
... B672: 584632148 | C672: 0x0685 | D672: 419 | E672: 57 | G672: =(E672+7)*8 -> 512
A673: =B673-B463 -> 147 | B673: 584632148 | C673: 0x0693 | D673: 1 | E673: 1100 | G673: =(E673+7)*8 -> 8856
A674: =B674-B464 -> 146 | B674: 584632148 | C674: 0x0694 | D674: 1 | E674: 1100 | G674: =(E674+7)*8 -> 8856
B675: 584632149 | C675: 0x0685 | D675: 420 | E675: 57 | G675: =(E675+7)*8 -> 512
B676: 584632149 | C676: 0x0691 | D676: 30 | E676: 225 | G676: =(E676+7)*8 -> 1856
B677: 584632150 | C677: 0x0685 | D677: 421 | E677: 57 | G677: =(E677+7)*8 -> 512
B678: 584632151 | C678: 0x0685 | D678: 422 | E678: 57 | G678: =(E678+7)*8 -> 512
B679: 584632152 | C679: 0x0685 | D679: 423 | E679: 57 | G679: =(E679+7)*8 -> 512
B680: 584632153 | C680: 0x0685 | D680: 424 | E680: 57 | G680: =(E680+7)*8 -> 512
B681: 584632154 | C681: 0x0685 | D681: 425 | E681: 57 | G681: =(E681+7)*8 -> 512
B682: 584632155 | C682: 0x0685 | D682: 426 | E682: 57 | G682: =(E682+7)*8 -> 512
B683: 584632156 | C683: 0x0685 | D683: 427 | E683: 57 | G683: =(E683+7)*8 -> 512
B684: 584632157 | C684: 0x0685 | D684: 428 | E684: 57 | G684: =(E684+7)*8 -> 512
B685: 584632158 | C685: 0x0685 | D685: 429 | E685: 57 | G685: =(E685+7)*8 -> 512
B686: 584632158 | C686: 0x0691 | D686: 31 | E686: 225 | G686: =(E686+7)*8 -> 1856
... B1084: 584632448 | C1084: 0x0685 | D1084: 719 | E1084: 57 | G1084: =(E1084+7)*8 -> 512
A1085: =B1085-B875 -> 148 | B1085: 584632448 | C1085: 0x0693 | D1085: 2 | E1085: 1100 | G1085: =(E1085+7)*8 -> 8856
A1086: =B1086-B876 -> 148 | B1086: 584632448 | C1086: 0x0694 | D1086: 2 | E1086: 1100 | G1086: =(E1086+7)*8 -> 8856
B1087: 584632449 | C1087: 0x0685 | D1087: 720 | E1087: 57 | G1087: =(E1087+7)*8 -> 512
B1088: 584632449 | C1088: 0x0691 | D1088: 60 | E1088: 209 | G1088: =(E1088+7)*8 -> 1728
B1089: 584632450 | C1089: 0x0685 | D1089: 721 | E1089: 57 | G1089: =(E1089+7)*8 -> 512
B1090: 584632451 | C1090: 0x0685 | D1090: 722 | E1090: 57 | G1090: =(E1090+7)*8 -> 512
B1091: 584632452 | C1091: 0x0685 | D1091: 723 | E1091: 57 | G1091: =(E1091+7)*8 -> 512
B1092: 584632453 | C1092: 0x0685 | D1092: 724 | E1092: 57 | G1092: =(E1092+7)*8 -> 512
B1093: 584632454 | C1093: 0x0685 | D1093: 725 | E1093: 57 | G1093: =(E1093+7)*8 -> 512
B1094: 584632455 | C1094: 0x0685 | D1094: 726 | E1094: 57 | G1094: =(E1094+7)*8 -> 512
B1095: 584632456 | C1095: 0x0685 | D1095: 727 | E1095: 57 | G1095: =(E1095+7)*8 -> 512
B1096: 584632457 | C1096: 0x0685 | D1096: 728 | E1096: 57 | G1096: =(E1096+7)*8 -> 512
B1097: 584632458 | C1097: 0x0685 | D1097: 729 | E1097: 57 | G1097: =(E1097+7)*8 -> 512
B1098: 584632458 | C1098: 0x0691 | D1098: 61 | E1098: 211 | G1098: =(E1098+7)*8 -> 1744
... B1465: 584632748 | C1465: 0x0685 | D1465: 1019 | E1465: 57 | G1465: =(E1465+7)*8 -> 512
A1466: =B1466-B1256 -> 160 | B1466: 584632748 | C1466: 0x0693 | D1466: 3 | E1466: 1100 | G1466: =(E1466+7)*8 -> 8856
A1467: =B1467-B1257 -> 160 | B1467: 584632748 | C1467: 0x0694 | D1467: 3 | E1467: 1100 | G1467: =(E1467+7)*8 -> 8856
B1468: 584632749 | C1468: 0x0685 | D1468: 1020 | E1468: 57 | G1468: =(E1468+7)*8 -> 512
B1469: 584632749 | C1469: 0x0691 | D1469: 90 | E1469: 211 | G1469: =(E1469+7)*8 -> 1744
B1470: 584632750 | C1470: 0x0685 | D1470: 1021 | E1470: 57 | G1470: =(E1470+7)*8 -> 512
B1471: 584632751 | C1471: 0x0685 | D1471: 1022 | E1471: 57 | G1471: =(E1471+7)*8 -> 512
B1472: 584632752 | C1472: 0x0685 | D1472: 1023 | E1472: 57 | G1472: =(E1472+7)*8 -> 512
B1473: 584632753 | C1473: 0x0685 | D1473: 1024 | E1473: 57 | G1473: =(E1473+7)*8 -> 512
B1474: 584632754 | C1474: 0x0685 | D1474: 1025 | E1474: 57 | G1474: =(E1474+7)*8 -> 512
B1475: 584632755 | C1475: 0x0685 | D1475: 1026 | E1475: 57 | G1475: =(E1475+7)*8 -> 512
B1476: 584632756 | C1476: 0x0685 | D1476: 1027 | E1476: 57 | G1476: =(E1476+7)*8 -> 512
B1477: 584632757 | C1477: 0x0685 | D1477: 1028 | E1477: 57 | G1477: =(E1477+7)*8 -> 512
B1478: 584632758 | C1478: 0x0685 | D1478: 1029 | E1478: 57 | G1478: =(E1478+7)*8 -> 512
B1479: 584632758 | C1479: 0x0691 | D1479: 91 | E1479: 209 | G1479: =(E1479+7)*8 -> 1728
... B1845: 584633048 | C1845: 0x0685 | D1845: 1319 | E1845: 57 | G1845: =(E1845+7)*8 -> 512
A1846: =B1846-B1636 -> 161 | B1846: 584633048 | C1846: 0x0693 | D1846: 4 | E1846: 1100 | G1846: =(E1846+7)*8 -> 8856
A1847: =B1847-B1637 -> 160 | B1847: 584633048 | C1847: 0x0694 | D1847: 4 | E1847: 1100 | G1847: =(E1847+7)*8 -> 8856
B1848: 584633049 | C1848: 0x0685 | D1848: 1320 | E1848: 57 | G1848: =(E1848+7)*8 -> 512
B1849: 584633049 | C1849: 0x0691 | D1849: 120 | E1849: 215 | G1849: =(E1849+7)*8 -> 1776
B1850: 584633050 | C1850: 0x0685 | D1850: 1321 | E1850: 57 | G1850: =(E1850+7)*8 -> 512
B1851: 584633051 | C1851: 0x0685 | D1851: 1322 | E1851: 57 | G1851: =(E1851+7)*8 -> 512
B1852: 584633052 | C1852: 0x0685 | D1852: 1323 | E1852: 57 | G1852: =(E1852+7)*8 -> 512
B1853: 584633053 | C1853: 0x0685 | D1853: 1324 | E1853: 57 | G1853: =(E1853+7)*8 -> 512
B1854: 584633054 | C1854: 0x0685 | D1854: 1325 | E1854: 57 | G1854: =(E1854+7)*8 -> 512
B1855: 584633055 | C1855: 0x0685 | D1855: 1326 | E1855: 57 | G1855: =(E1855+7)*8 -> 512
B1856: 584633056 | C1856: 0x0685 | D1856: 1327 | E1856: 57 | G1856: =(E1856+7)*8 -> 512
B1857: 584633057 | C1857: 0x0685 | D1857: 1328 | E1857: 57 | G1857: =(E1857+7)*8 -> 512
B1858: 584633058 | C1858: 0x0685 | D1858: 1329 | E1858: 57 | G1858: =(E1858+7)*8 -> 512
B1859: 584633058 | C1859: 0x0691 | D1859: 121 | E1859: 209 | G1859: =(E1859+7)*8 -> 1728
... B2221: 584633345 | C2221: 0x0683 | D2221: 297 | E2221: 5 | G2221: =(E2221+7)*8 -> 96
A2222: =B2222-B2012 -> 165 | B2222: 584633348 | C2222: 0x0693 | D2222: 5 | E2222: 1100 | G2222: =(E2222+7)*8 -> 8856
A2223: =B2223-B2013 -> 164 | B2223: 584633348 | C2223: 0x0694 | D2223: 5 | E2223: 1100 | G2223: =(E2223+7)*8 -> 8856
B2224: 584633349 | C2224: 0x0691 | D2224: 150 | E2224: 213 | G2224: =(E2224+7)*8 -> 1760
B2225: 584633566 | C2225: 0x0683 | D2225: 298 | E2225: 9 | G2225: =(E2225+7)*8 -> 128
B2226: 584633566 | C2226: 0x0683 | D2226: 298 | E2226: 9 | G2226: =(E2226+7)*8 -> 128
B2227: 584633569 | C2227: 0x0683 | D2227: 299 | E2227: 9 | G2227: =(E2227+7)*8 -> 128
B2228: 584633569 | C2228: 0x0683 | D2228: 299 | E2228: 9 | G2228: =(E2228+7)*8 -> 128
B2229: 584633572 | C2229: 0x0683 | D2229: 300 | E2229: 9 | G2229: =(E2229+7)*8 -> 128
B2230: 584633572 | C2230: 0x0683 | D2230: 300 | E2230: 9 | G2230: =(E2230+7)*8 -> 128
...

Sheet partial channel use
C1: 0x68A
G2: Min | J2: Max | M2: Avg | P2: fewer channels used
G3: bits | H3: bytes | J3: bits | K3: bytes | M3: bits | N3: bytes | P3: bits | Q3: bytes
E4: Primary Header | G4: 48 | H4: 6 | J4: 48 | K4: 6 | M4: 48 | N4: 6 | P4: 48 | Q4: 6
E5: Secondary Header | G5: 32 | H5: 4 | J5: 32 | K5: 4 | M5: 32 | N5: 4 | P5: 32 | Q5: 4
E7: Data Header
F8: Ring buffer slot | G8: 16 | H8: 2 | J8: 16 | K8: 2 | M8: 16 | N8: 2 | P8: 16 | Q8: 2
F9: Payload length | G9: 16 | H9: 2 | J9: 16 | K9: 2 | M9: 16 | N9: 2 | P9: 16 | Q9: 2
F10: Last capture time | G10: 32 | H10: 4 | J10: 32 | K10: 4 | M10: 32 | N10: 4 | P10: 32 | Q10: 4
F11: Blocks (aka Chunks) | G11: 16 | H11: 2 | J11: 16 | K11: 2 | M11: 16 | N11: 2 | P11: 16 | Q11: 2
F12: Data Header Subtotal | G12: =SUM(G8:G11) -> 80 | H12: =SUM(H8:H11) -> 10 | J12: =SUM(J8:J11) -> 80 | K12: =SUM(K8:K11) -> 10 | M12: =SUM(M8:M11) -> 80 | N12: =SUM(N8:N11) -> 10 | P12: =SUM(P8:P11) -> 80 | Q12: =SUM(Q8:Q11) -> 10
E14: Per block:
F15: Number of bytes in Chunk | G15: 8 | H15: 1 | J15: 8 | K15: 1 | M15: 8 | N15: 1 | P15: 8 | Q15: 1
F16: Number of bits per compressed sample | G16: 8 | H16: 1 | J16: 8 | K16: 1 | M16: 8 | N16: 1 | P16: 8 | Q16: 1
F17: 1st sample (uncompressed) | G17: 16 | H17: 2 | J17: 16 | K17: 2 | M17: 16 | N17: 2 | P17: 16 | Q17: 2
F18: next 15 n-bit words, where n=11 (10 plus sign), with pad | J18: =15*11+11 -> 176 | K18: =J18/8 -> 22
F19: next 15 n-bit words, where n=6 (5 plus sign), with pad | M19: =15*6+6 -> 96 | N19: =M19/8 -> 12 | P19: =15*6+6 -> 96 | Q19: =P19/8 -> 12
F20: next 15 n-bit words, where n=0 (no data), with pad | G20: 0 | H20: 0
F21: Block subtotal | G21: =SUM(G15:G20) -> 32 | H21: =SUM(H15:H20) -> 4 | J21: =SUM(J15:J20) -> 208 | K21: =SUM(K15:K20) -> 26 | M21: =SUM(M15:M20) -> 128 | N21: =SUM(N15:N20) -> 16 | P21: =SUM(P15:P20) -> 128 | Q21: =SUM(Q15:Q20) -> 16
E24: 4 blocks: | F24: 4 x per block size per channel | G24: =4*G21 -> 128 | H24: =4*H21 -> 16 | J24: =4*J21 -> 832 | K24: =4*K21 -> 104 | M24: =4*M21 -> 512 | N24: =4*N21 -> 64 | P24: =4*P21 -> 512 | Q24: =4*Q21 -> 64
E26: 1 | F26: For total number of channels | G26: =G24*$E26 -> 128 | H26: =H24*$E26 -> 16 | J26: =J24*$E26 -> 832 | K26: =K24*$E26 -> 104 | M26: =M24*$E26 -> 512 | N26: =N24*$E26 -> 64 | P26: =P24*$E26 -> 512 | Q26: =Q24*$E26 -> 64
E28: Total packet size | G28: =G4+G5+G12+G26 -> 288 | H28: =H4+H5+H12+H26 -> 36 | J28: =J4+J5+J12+J26 -> 992 | K28: =K4+K5+K12+K26 -> 124 | M28: =M4+M5+M12+M26 -> 672 | N28: =N4+N5+N12+N26 -> 84 | P28: =P4+P5+P12+P26 -> 672 | Q28: =Q4+Q5+Q12+Q26 -> 84
E30: Value for "Length" field in packet | H30: =H28-H4-1 -> 29 | K30: =K28-K4-1 -> 117 | N30: =N28-N4-1 -> 77 | Q30: =Q28-Q4-1 -> 77
C37: 0x699
G38: Min | J38: Max | M38: Max | P38: fewer channels used
G39: bits | H39: bytes | J39: bits | K39: bytes | M39: bits | N39: bytes | P39: bits | Q39: bytes
E40: Primary Header | G40: 48 | H40: 6 | J40: 48 | K40: 6 | M40: 48 | N40: 6 | P40: 48 | Q40: 6
E41: Secondary Header | G41: 32 | H41: 4 | J41: 32 | K41: 4 | M41: 32 | N41: 4 | P41: 32 | Q41: 4
E43: Data Header
F44: Ring buffer slot | G44: 16 | H44: 2 | J44: 16 | K44: 2 | M44: 16 | N44: 2 | P44: 16 | Q44: 2
F45: Payload length | G45: 16 | H45: 2 | J45: 16 | K45: 2 | M45: 16 | N45: 2 | P45: 16 | Q45: 2
F46: Last capture time | G46: 32 | H46: 4 | J46: 32 | K46: 4 | M46: 32 | N46: 4 | P46: 32 | Q46: 4
F47: Blocks (aka Chunks) | G47: 16 | H47: 2 | J47: 16 | K47: 2 | M47: 16 | N47: 2 | P47: 16 | Q47: 2
F48: Data Header Subtotal | G48: =SUM(G44:G47) -> 80 | H48: =SUM(H44:H47) -> 10 | J48: =SUM(J44:J47) -> 80 | K48: =SUM(K44:K47) -> 10 | M48: =SUM(M44:M47) -> 80 | N48: =SUM(N44:N47) -> 10 | P48: =SUM(P44:P47) -> 80 | Q48: =SUM(Q44:Q47) -> 10
E50: Per block:
F51: Number of bytes in Chunk | G51: 8 | H51: 1 | J51: 8 | K51: 1 | M51: 8 | N51: 1 | P51: 8 | Q51: 1
F52: Number of bits per compressed sample | G52: 8 | H52: 1 | J52: 8 | K52: 1 | M52: 8 | N52: 1 | P52: 8 | Q52: 1
F53: 1st sample (uncompressed) | G53: 16 | H53: 2 | J53: 16 | K53: 2 | M53: 16 | N53: 2 | P53: 16 | Q53: 2
F54: next 15 n-bit words, where n=11 (10 plus sign), with pad | J54: =15*11+11 -> 176 | K54: =J54/8 -> 22
F55: next 15 n-bit words, where n=5 (4 plus sign), with pad | M55: =15*5+5 -> 80 | N55: =M55/8 -> 10 | P55: =15*5+5 -> 80 | Q55: =P55/8 -> 10
F56: next 15 n-bit words, where n=0 (no data), with pad | G56: 0 | H56: 0
F57: Block subtotal | G57: =SUM(G51:G56) -> 32 | H57: =SUM(H51:H56) -> 4 | J57: =SUM(J51:J56) -> 208 | K57: =SUM(K51:K56) -> 26 | M57: =SUM(M51:M56) -> 112 | N57: =SUM(N51:N56) -> 14 | P57: =SUM(P51:P56) -> 112 | Q57: =SUM(Q51:Q56) -> 14
E60: 4 blocks: | F60: 4 x per block size per channel | G60: =4*G57 -> 128 | H60: =4*H57 -> 16 | J60: =4*J57 -> 832 | K60: =4*K57 -> 104 | M60: =4*M57 -> 448 | N60: =4*N57 -> 56 | P60: =4*P57 -> 448 | Q60: =4*Q57 -> 56
D61: channels | U61: bit/s vs. N2Monitor settng | AA61: Mbit/s vs. N2Monitor settng
D62: Used | E62: unused | R62: Total packet size (bits) | T62: 20 | U62: 10 | V62: 3 | W62: 2 | X62: 1 | Z62: 20 | AA62: 10 | AB62: 3 | AC62: 2 | AD62: 1
D63: 10 | E63: 0 | F63: For total number of channels | G63: =G60*$D63 -> 1280 | H63: =H60*$D63 -> 160 | J63: =J60*$D63 -> 8320 | K63: =K60*$D63 -> 1040 | M63: =M60*$D63 -> 4480 | N63: =N60*$D63 -> 560 | P63: =D63*M$60+E63*G$60 -> 4480 | Q63: =P63/8 -> 560 | R63: =P$40+P$41+P$48+P63 -> 4640 | T63: =$R63/(T$62*64) -> 3.625 | U63: =$R63/(U$62*64) -> 7.25 | V63: =$R63/(V$62*64) -> 24.166667 | W63: =$R63/(W$62*64) -> 36.25 | X63: =$R63/(X$62*64) -> 72.5 | Z63: =(3600*24/1000000)*$R63/(Z$62*64) -> 0.3132 | AA63: =(3600*24/1000000)*$R63/(AA$62*64) -> 0.6264 | AB63: =(3600*24/1000000)*$R63/(AB$62*64) -> 2.088 | AC63: =(3600*24/1000000)*$R63/(AC$62*64) -> 3.132 | AD63: =(3600*24/1000000)*$R63/(AD$62*64) -> 6.264
D64: 9 | E64: 1 | P64: =D64*M$60+E64*G$60 -> 4160 | Q64: =P64/8 -> 520 | R64: =P$40+P$41+P$48+P64 -> 4320 | T64: =$R64/(T$62*64) -> 3.375 | U64: =$R64/(U$62*64) -> 6.75 | V64: =$R64/(V$62*64) -> 22.5 | W64: =$R64/(W$62*64) -> 33.75 | X64: =$R64/(X$62*64) -> 67.5 | Z64: =(3600*24/1000000)*$R64/(Z$62*64) -> 0.2916 | AA64: =(3600*24/1000000)*$R64/(AA$62*64) -> 0.5832 | AB64: =(3600*24/1000000)*$R64/(AB$62*64) -> 1.944 | AC64: =(3600*24/1000000)*$R64/(AC$62*64) -> 2.916 | AD64: =(3600*24/1000000)*$R64/(AD$62*64) -> 5.832
D65: 8 | E65: 2 | P65: =D65*M$60+E65*G$60 -> 3840 | Q65: =P65/8 -> 480 | R65: =P$40+P$41+P$48+P65 -> 4000 | T65: =$R65/(T$62*64) -> 3.125 | U65: =$R65/(U$62*64) -> 6.25 | V65: =$R65/(V$62*64) -> 20.833333 | W65: =$R65/(W$62*64) -> 31.25 | X65: =$R65/(X$62*64) -> 62.5 | Z65: =(3600*24/1000000)*$R65/(Z$62*64) -> 0.27 | AA65: =(3600*24/1000000)*$R65/(AA$62*64) -> 0.54 | AB65: =(3600*24/1000000)*$R65/(AB$62*64) -> 1.8 | AC65: =(3600*24/1000000)*$R65/(AC$62*64) -> 2.7 | AD65: =(3600*24/1000000)*$R65/(AD$62*64) -> 5.4
D66: 7 | E66: 3 | P66: =D66*M$60+E66*G$60 -> 3520 | Q66: =P66/8 -> 440 | R66: =P$40+P$41+P$48+P66 -> 3680 | T66: =$R66/(T$62*64) -> 2.875 | U66: =$R66/(U$62*64) -> 5.75 | V66: =$R66/(V$62*64) -> 19.166667 | W66: =$R66/(W$62*64) -> 28.75 | X66: =$R66/(X$62*64) -> 57.5 | Z66: =(3600*24/1000000)*$R66/(Z$62*64) -> 0.2484 | AA66: =(3600*24/1000000)*$R66/(AA$62*64) -> 0.4968 | AB66: =(3600*24/1000000)*$R66/(AB$62*64) -> 1.656 | AC66: =(3600*24/1000000)*$R66/(AC$62*64) -> 2.484 | AD66: =(3600*24/1000000)*$R66/(AD$62*64) -> 4.968
D67: 6 | E67: 4 | P67: =D67*M$60+E67*G$60 -> 3200 | Q67: =P67/8 -> 400 | R67: =P$40+P$41+P$48+P67 -> 3360 | T67: =$R67/(T$62*64) -> 2.625 | U67: =$R67/(U$62*64) -> 5.25 | V67: =$R67/(V$62*64) -> 17.5 | W67: =$R67/(W$62*64) -> 26.25 | X67: =$R67/(X$62*64) -> 52.5 | Z67: =(3600*24/1000000)*$R67/(Z$62*64) -> 0.2268 | AA67: =(3600*24/1000000)*$R67/(AA$62*64) -> 0.4536 | AB67: =(3600*24/1000000)*$R67/(AB$62*64) -> 1.512 | AC67: =(3600*24/1000000)*$R67/(AC$62*64) -> 2.268 | AD67: =(3600*24/1000000)*$R67/(AD$62*64) -> 4.536
D68: 5 | E68: 5 | P68: =D68*M$60+E68*G$60 -> 2880 | Q68: =P68/8 -> 360 | R68: =P$40+P$41+P$48+P68 -> 3040 | T68: =$R68/(T$62*64) -> 2.375 | U68: =$R68/(U$62*64) -> 4.75 | V68: =$R68/(V$62*64) -> 15.833333 | W68: =$R68/(W$62*64) -> 23.75 | X68: =$R68/(X$62*64) -> 47.5 | Z68: =(3600*24/1000000)*$R68/(Z$62*64) -> 0.2052 | AA68: =(3600*24/1000000)*$R68/(AA$62*64) -> 0.4104 | AB68: =(3600*24/1000000)*$R68/(AB$62*64) -> 1.368 | AC68: =(3600*24/1000000)*$R68/(AC$62*64) -> 2.052 | AD68: =(3600*24/1000000)*$R68/(AD$62*64) -> 4.104
D69: 4 | E69: 6 | P69: =D69*M$60+E69*G$60 -> 2560 | Q69: =P69/8 -> 320 | R69: =P$40+P$41+P$48+P69 -> 2720 | T69: =$R69/(T$62*64) -> 2.125 | U69: =$R69/(U$62*64) -> 4.25 | V69: =$R69/(V$62*64) -> 14.166667 | W69: =$R69/(W$62*64) -> 21.25 | X69: =$R69/(X$62*64) -> 42.5 | Z69: =(3600*24/1000000)*$R69/(Z$62*64) -> 0.1836 | AA69: =(3600*24/1000000)*$R69/(AA$62*64) -> 0.3672 | AB69: =(3600*24/1000000)*$R69/(AB$62*64) -> 1.224 | AC69: =(3600*24/1000000)*$R69/(AC$62*64) -> 1.836 | AD69: =(3600*24/1000000)*$R69/(AD$62*64) -> 3.672
D70: 3 | E70: 7 | P70: =D70*M$60+E70*G$60 -> 2240 | Q70: =P70/8 -> 280 | R70: =P$40+P$41+P$48+P70 -> 2400 | T70: =$R70/(T$62*64) -> 1.875 | U70: =$R70/(U$62*64) -> 3.75 | V70: =$R70/(V$62*64) -> 12.5 | W70: =$R70/(W$62*64) -> 18.75 | X70: =$R70/(X$62*64) -> 37.5 | Z70: =(3600*24/1000000)*$R70/(Z$62*64) -> 0.162 | AA70: =(3600*24/1000000)*$R70/(AA$62*64) -> 0.324 | AB70: =(3600*24/1000000)*$R70/(AB$62*64) -> 1.08 | AC70: =(3600*24/1000000)*$R70/(AC$62*64) -> 1.62 | AD70: =(3600*24/1000000)*$R70/(AD$62*64) -> 3.24
D71: 2 | E71: 8 | P71: =D71*M$60+E71*G$60 -> 1920 | Q71: =P71/8 -> 240 | R71: =P$40+P$41+P$48+P71 -> 2080 | T71: =$R71/(T$62*64) -> 1.625 | U71: =$R71/(U$62*64) -> 3.25 | V71: =$R71/(V$62*64) -> 10.833333 | W71: =$R71/(W$62*64) -> 16.25 | X71: =$R71/(X$62*64) -> 32.5 | Z71: =(3600*24/1000000)*$R71/(Z$62*64) -> 0.1404 | AA71: =(3600*24/1000000)*$R71/(AA$62*64) -> 0.2808 | AB71: =(3600*24/1000000)*$R71/(AB$62*64) -> 0.936 | AC71: =(3600*24/1000000)*$R71/(AC$62*64) -> 1.404 | AD71: =(3600*24/1000000)*$R71/(AD$62*64) -> 2.808
D72: 1 | E72: 9 | P72: =D72*M$60+E72*G$60 -> 1600 | Q72: =P72/8 -> 200 | R72: =P$40+P$41+P$48+P72 -> 1760 | T72: =$R72/(T$62*64) -> 1.375 | U72: =$R72/(U$62*64) -> 2.75 | V72: =$R72/(V$62*64) -> 9.1666667 | W72: =$R72/(W$62*64) -> 13.75 | X72: =$R72/(X$62*64) -> 27.5 | Z72: =(3600*24/1000000)*$R72/(Z$62*64) -> 0.1188 | AA72: =(3600*24/1000000)*$R72/(AA$62*64) -> 0.2376 | AB72: =(3600*24/1000000)*$R72/(AB$62*64) -> 0.792 | AC72: =(3600*24/1000000)*$R72/(AC$62*64) -> 1.188 | AD72: =(3600*24/1000000)*$R72/(AD$62*64) -> 2.376
E74: Total packet size | G74: =G40+G41+G48+G63 -> 1440 | H74: =H40+H41+H48+H63 -> 180 | J74: =J40+J41+J48+J63 -> 8480 | K74: =K40+K41+K48+K63 -> 1060 | M74: =M40+M41+M48+M63 -> 4640 | N74: =N40+N41+N48+N63 -> 580
E76: Value for "Length" field in packet | H76: =H74-H40-1 -> 173 | K76: =K74-K40-1 -> 1053 | N76: =N74-N40-1 -> 573
