Workbook
Name Daily_10M: #REF!
Name Daily_12H: #REF!
Name Daily_1H: #REF!
Name Daily_20M: #REF!
Name Daily_24H: #REF!
Name Daily_2H: #REF!
Name Daily_2M: #REF!
Name Daily_30M: #REF!
Name Daily_3H: #REF!
Name Daily_5M: #REF!
Name Daily_64s: #REF!
Name Daily_6H: #REF!
Name Daily_NEVER: #REF!
Name Yearly_10M: #REF!
Name Yearly_12H: #REF!
Name Yearly_1H: #REF!
Name Yearly_20M: #REF!
Name Yearly_24H: #REF!
Name Yearly_2H: #REF!
Name Yearly_2M: #REF!
Name Yearly_30M: #REF!
Name Yearly_3H: #REF!
Name Yearly_5M: #REF!
Name Yearly_64S: #REF!
Name Yearly_6H: #REF!
Name Yearly_NEVER: #REF!

Sheet pb_calc_pre_2025
C2: V4 operation in sequence 22080
H3: packet size (bits)
H4: max bits | I4: historical size | J4: Enabled? | K4: integration time (s) | L4: bps | M4: sec/day | N4: data collection (days) | P4: Total recorded data (Mbits)/year | Q4: Total downlinked data (Mbits)/year
F5: Survey Data
G6: N1 | H6: 5680 | I6: 2400 | J6: 1 | K6: 3600 | L6: =J6*I6/K6 -> 0.66666667 | M6: =3600*24 -> 86400 | N6: 22 | P6: =L6*M6*N6/1000000 -> 1.2672 | Q6: =P6 -> 1.2672
G7: N2 normal | H7: 4928 | I7: 1920 | J7: 1 | K7: 90 | L7: =J7*I7/K7 -> 21.333333 | M7: =3600*24 -> 86400 | N7: =N6 -> 22 | P7: =L7*M7*N7/1000000 -> 40.5504 | Q7: =P7 -> 40.5504
G8: N3+ extra | H8: 64000 | I8: 20000 | J8: 1 | K8: 7200 | L8: =J8*I8/K8 -> 2.7777778 | M8: =3600*24 -> 86400 | N8: =N6 -> 22 | P8: =L8*M8*N8/1000000 -> 5.28 | Q8: =P8 -> 5.28
G9: HK/status | H9: 512 | I9: =H9 -> 512 | J9: 1 | K9: 1800 | L9: =J9*I9/K9 -> 0.28444444 | M9: =3600*24 -> 86400 | N9: =N6 -> 22 | P9: =L9*M9*N9/1000000 -> 0.540672 | Q9: =P9 -> 0.540672
K10: =IF(AND( (K6/K7)=INT(K6/K7), (K8/K7)=INT(K8/K7) ), " ", "error") | P10: =SUM(P6:P9) -> 47.638272 | Q10: =SUM(Q6:Q9) -> 47.638272
H12: max bits | I12: historical size | J12: Enabled? | K12: integration time (s) | L12: bps | M12: sec/day | P12: Total recorded data (Mbits)/year | Q12: Total downlinked data (Mbits)/year
F13: Burst Data
G14: High Time Resolution Buffered Rate (10) Data | H14: 8480 | I14: 2900 | J14: 1 | K14: =I22*64 -> 1280 | L14: =J14*I14/K14 -> 2.265625 | M14: =3600*24 -> 86400 | P14: =L14*M14*I25*((I23+I24))/1000000 -> 0 | Q14: =L14*M14*I26*((I23+I24))/1000000 -> 0
G15: Trigger assessment data | H15: 992 | I15: 600 | J15: 1 | K15: =I22*64 -> 1280 | L15: =J15*I15/K15 -> 0.46875 | M15: =3600*24 -> 86400 | P15: =L15*M15*I25*((I23+I24))/1000000 -> 0 | Q15: =L15*M15*I26*((I23+I24))/1000000 -> 0
G16: N2 burst data | H16: =H7 -> 4928 | I16: 1400 | J16: 1 | K16: =I22 -> 20 | L16: =J16*I16/K16 -> 70 | M16: =3600*24 -> 86400 | P16: =L16*M16*I25*I24/1000000 -> 0 | Q16: =L16*M16*I26*I24/1000000 -> 0
P17: =SUM(P14:P16) -> 0 | Q17: =SUM(Q14:Q16) -> 0
F19: Total | P19: =P10+P17 -> 47.638272 | Q19: =Q10+Q17 -> 47.638272 | R19: Mbits
F21: Assumptions
F22: Commanded N2Monitor int time | I22: 20
F23: pre-trigger data (days) | I23: =0.7*I22/10 -> 1.4
F24: post-trigger data (days) | I24: 2
F25: Number of bursts occurring/year assumed | I25: 0
F26: # of N2 bursts downlinked/year assumed | I26: 0
Y28: No MLI
N29: =1/30/24 -> 0.0013888889
C32: Power On Portion of V5 load and test
H33: packet size (bits)
H34: max bits | I34: historical size | J34: Enabled? | K34: integration time (s) | L34: bps | M34: sec/day | N34: data collection (days) | P34: Total recorded data (Mbits)/year | Q34: Total downlinked data (Mbits)/year
F35: Survey Data
G36: N1 | H36: 5680 | I36: 3200 | J36: 1 | K36: 3600 | L36: =J36*I36/K36 -> 0.88888889 | M36: =3600*24 -> 86400 | N36: =1/24 -> 0.041666667 | P36: =L36*M36*N36/1000000 -> 0.0032 | Q36: =P36 -> 0.0032
G37: N2 normal | H37: 4928 | I37: 1920 | J37: 1 | K37: 90 | L37: =J37*I37/K37 -> 21.333333 | M37: =3600*24 -> 86400 | N37: =N36 -> 0.041666667 | P37: =L37*M37*N37/1000000 -> 0.0768 | Q37: =P37 -> 0.0768
C38: The historical size of the packets | G38: N3+ extra | H38: 64000 | I38: 32080 | J38: 1 | K38: 7200 | L38: =J38*I38/K38 -> 4.4555556 | M38: =3600*24 -> 86400 | N38: =N36 -> 0.041666667 | P38: =L38*M38*N38/1000000 -> 0.01604 | Q38: =P38 -> 0.01604
C39: probably are too high. | E39: --> | G39: HK/status | H39: 512 | I39: =H39 -> 512 | J39: 1 | K39: 1 | L39: =J39*I39/K39 -> 512 | M39: =3600*24 -> 86400 | N39: =N36 -> 0.041666667 | P39: =L39*M39*N39/1000000 -> 1.8432 | Q39: =P39 -> 1.8432
K40: =IF(AND( (K36/K37)=INT(K36/K37), (K38/K37)=INT(K38/K37) ), " ", "error") | P40: =SUM(P36:P39) -> 1.93924 | Q40: =SUM(Q36:Q39) -> 1.93924
H42: max bits | I42: historical size | J42: Enabled? | K42: integration time (s) | L42: bps | M42: sec/day | P42: Total recorded data (Mbits)/year | Q42: Total downlinked data (Mbits)/year
F43: Burst Data
G44: High Time Resolution Buffered Rate (10) Data | H44: 8480 | I44: =I$14 -> 2900 | J44: 1 | K44: =I52*64 -> 1280 | L44: =J44*I44/K44 -> 2.265625 | M44: =3600*24 -> 86400 | P44: =L44*M44*I55*((I53+I54))/1000000 -> 0 | Q44: =L44*M44*I56*((I53+I54))/1000000 -> 0
G45: Trigger assessment data | H45: 992 | I45: =I$15 -> 600 | J45: 1 | K45: =I52*64 -> 1280 | L45: =J45*I45/K45 -> 0.46875 | M45: =3600*24 -> 86400 | P45: =L45*M45*I55*((I53+I54))/1000000 -> 0 | Q45: =L45*M45*I56*((I53+I54))/1000000 -> 0
G46: N2 burst data | H46: =H37 -> 4928 | I46: =I$16 -> 1400 | J46: 1 | K46: =I52 -> 20 | L46: =J46*I46/K46 -> 70 | M46: =3600*24 -> 86400 | P46: =L46*M46*I55*I54/1000000 -> 0 | Q46: =L46*M46*I56*I54/1000000 -> 0
P47: =SUM(P44:P46) -> 0 | Q47: =SUM(Q44:Q46) -> 0
F49: Total | P49: =P40+P47 -> 1.93924 | Q49: =Q40+Q47 -> 1.93924 | R49: Mbits
F51: Assumptions | K51: a | L51: b
F52: Commanded N2Monitor int time | I52: 20 | K52: 1 | L52: 2
F53: pre-trigger data (days) | I53: =0.7*I52/10 -> 1.4 | K53: 3 | L53: 6 | M53: =IF((K53/L53)=INT(K53/L53), "good", "bad") -> bad
F54: post-trigger data (days) | I54: 2 | K54: 1 | L54: 2 | M54: =IF((K54/L54)=INT(K54/L54), "good", "bad") -> bad
F55: Number of bursts occurring/year assumed | I55: 0 | K55: 1 | L55: 2 | M55: =IF((K55/L55)=INT(K55/L55), "good", "bad") -> bad
F56: # of N2 bursts downlinked/year assumed | I56: 0
Y58: No MLI
C60: Run V5 in HV Basic Mode
H61: packet size (bits)
H62: max bits | I62: historical size | J62: Enabled? | K62: integration time (s) | L62: bps | M62: sec/day | N62: data collection (days) | P62: Total recorded data (Mbits)/year | Q62: Total downlinked data (Mbits)/year
F63: Survey Data
G64: N1 | H64: 5680 | I64: =I$6 -> 2400 | J64: 1 | K64: 180 | L64: =J64*I64/K64 -> 13.333333 | M64: =3600*24 -> 86400 | N64: 3 | P64: =L64*M64*N64/1000000 -> 3.456 | Q64: =P64 -> 3.456
G65: N2 normal | H65: 4928 | I65: =I$7 -> 1920 | J65: 1 | K65: 180 | L65: =J65*I65/K65 -> 10.666667 | M65: =3600*24 -> 86400 | N65: =N64 -> 3 | P65: =L65*M65*N65/1000000 -> 2.7648 | Q65: =P65 -> 2.7648
G66: N3+ extra | H66: 64000 | I66: =I$8 -> 20000 | J66: 1 | K66: 7200 | L66: =J66*I66/K66 -> 2.7777778 | M66: =3600*24 -> 86400 | N66: =N64 -> 3 | P66: =L66*M66*N66/1000000 -> 0.72 | Q66: =P66 -> 0.72
G67: HK/status | H67: 512 | I67: =H67 -> 512 | J67: 1 | K67: 1800 | L67: =J67*I67/K67 -> 0.28444444 | M67: =3600*24 -> 86400 | N67: =N64 -> 3 | P67: =L67*M67*N67/1000000 -> 0.073728 | Q67: =P67 -> 0.073728
K68: =IF(AND( (K64/K65)=INT(K64/K65), (K66/K65)=INT(K66/K65) ), " ", "error") | P68: =SUM(P64:P67) -> 7.014528 | Q68: =SUM(Q64:Q67) -> 7.014528
H70: max bits | I70: historical size | J70: Enabled? | K70: integration time (s) | L70: bps | M70: sec/day | N70: data collection (days) | P70: Total recorded data (Mbits)/year | Q70: Total downlinked data (Mbits)/year
F71: Burst Data
G72: High Time Resolution Buffered Rate (10) Data | H72: 8480 | I72: =I$14 -> 2900 | J72: 1 | K72: =I80*64 -> 1280 | L72: =J72*I72/K72 -> 2.265625 | M72: =3600*24 -> 86400 | N72: =I83*(I81+I82) -> 0 | P72: =L72*M72*I83*((I81+I82))/1000000 -> 0 | Q72: =L72*M72*I84*((I81+I82))/1000000 -> 0
G73: Trigger assessment data | H73: 992 | I73: =I$15 -> 600 | J73: 1 | K73: =I80*64 -> 1280 | L73: =J73*I73/K73 -> 0.46875 | M73: =3600*24 -> 86400 | N73: =N72 -> 0 | P73: =L73*M73*I83*((I81+I82))/1000000 -> 0 | Q73: =L73*M73*I84*((I81+I82))/1000000 -> 0
G74: N2 burst data | H74: =H65 -> 4928 | I74: =I$16 -> 1400 | J74: 1 | K74: =I80 -> 20 | L74: =J74*I74/K74 -> 70 | M74: =3600*24 -> 86400 | N74: =I84*I82 -> 0 | P74: =L74*M74*I83*I82/1000000 -> 0 | Q74: =L74*M74*I84*I82/1000000 -> 0
P75: =SUM(P72:P74) -> 0 | Q75: =SUM(Q72:Q74) -> 0
F77: Total | P77: =P68+P75 -> 7.014528 | Q77: =Q68+Q75 -> 7.014528 | R77: Mbits
F79: Assumptions
F80: Commanded N2Monitor int time | I80: 20
F81: pre-trigger data (days) | I81: =0.7*I80/10 -> 1.4
F82: post-trigger data (days) | I82: 2
F83: Number of bursts occurring/year assumed | I83: 0
F84: # of N2 bursts downlinked/year assumed | I84: 0
Y86: No MLI
C90: Run V5 in HV with Trigger Enabled (gincludes one forced trigger and possibly 2 natural ones)
H91: packet size (bits)
H92: max bits | I92: historical size | J92: Enabled? | K92: integration time (s) | L92: bps | M92: sec/day | N92: data collection (days) | O92: months/ year | P92: Total recorded data (Mbits)/year | Q92: Total downlinked data (Mbits)/year
F93: Survey Data
G94: N1 | H94: 5680 | I94: =I$6 -> 2400 | J94: 1 | K94: 180 | L94: =J94*I94/K94 -> 13.333333 | M94: =3600*24 -> 86400 | N94: 19.2 | P94: =L94*M94*N94/1000000 -> 22.1184 | Q94: =P94 -> 22.1184
G95: N2 normal | H95: 4928 | I95: =I$7 -> 1920 | J95: 0 | K95: 180 | L95: =J95*I95/K95 -> 0 | M95: =3600*24 -> 86400 | N95: =N94 -> 19.2 | P95: =L95*M95*N95/1000000 -> 0 | Q95: =P95 -> 0
G96: N3+ extra | H96: 64000 | I96: =I$8 -> 20000 | J96: 1 | K96: 7200 | L96: =J96*I96/K96 -> 2.7777778 | M96: =3600*24 -> 86400 | N96: =N94 -> 19.2 | P96: =L96*M96*N96/1000000 -> 4.608 | Q96: =P96 -> 4.608
G97: HK/status | H97: 512 | I97: =H97 -> 512 | J97: 1 | K97: 1800 | L97: =J97*I97/K97 -> 0.28444444 | M97: =3600*24 -> 86400 | N97: =N94 -> 19.2 | P97: =L97*M97*N97/1000000 -> 0.4718592 | Q97: =P97 -> 0.4718592
K98: =IF(AND( (K94/K95)=INT(K94/K95), (K96/K95)=INT(K96/K95) ), " ", "error") | P98: =SUM(P94:P97) -> 27.198259 | Q98: =SUM(Q94:Q97) -> 27.198259
H100: max bits | I100: historical size | J100: Enabled? | K100: integration time (s) | L100: bps | M100: sec/day | N100: data collection (days) | O100: months/ year | P100: Total recorded data (Mbits)/year | Q100: Total downlinked data (Mbits)/year
F101: Burst Data
G102: High Time Resolution Buffered Rate (10) Data | H102: 8480 | I102: =I$14 -> 2900 | J102: 1 | K102: =I110*64 -> 1280 | L102: =J102*I102/K102 -> 2.265625 | M102: =3600*24 -> 86400 | P102: =L102*M102*I113*((I111+I112))/1000000 -> 1.3311 | Q102: =L102*M102*I114*((I111+I112))/1000000 -> 1.3311
G103: Trigger assessment data | H103: 992 | I103: =I$15 -> 600 | J103: 1 | K103: =I110*64 -> 1280 | L103: =J103*I103/K103 -> 0.46875 | M103: =3600*24 -> 86400 | P103: =L103*M103*I113*((I111+I112))/1000000 -> 0.2754 | Q103: =L103*M103*I114*((I111+I112))/1000000 -> 0.2754
G104: N2 burst data | H104: =H95 -> 4928 | I104: =I$16 -> 1400 | J104: 1 | K104: =I110 -> 20 | L104: =J104*I104/K104 -> 70 | M104: =3600*24 -> 86400 | P104: =L104*M104*I113*I112/1000000 -> 24.192 | Q104: =L104*M104*I114*I112/1000000 -> 24.192
P105: =SUM(P102:P104) -> 25.7985 | Q105: =SUM(Q102:Q104) -> 25.7985
F107: Total | P107: =P98+P105 -> 52.996759 | Q107: =Q98+Q105 -> 52.996759 | R107: Mbits
F109: Assumptions
F110: Commanded N2Monitor int time | I110: 20
F111: pre-trigger data (days) | I111: =0.7*I110/10 -> 1.4
F112: post-trigger data (days) | I112: 2
F113: Number of bursts occurring/year assumed | I113: 2
F114: # of N2 bursts downlinked/year assumed | I114: 2
C119: Test 3 Portion of V5 load and test
H120: packet size (bits)
H121: max bits | I121: historical size | J121: Enabled? | K121: integration time (s) | L121: bps | M121: sec/day | N121: data collection (days) | O121: months/ year | P121: Total recorded data (Mbits)/year | Q121: Total downlinked data (Mbits)/year
F122: Survey Data
G123: N1 | H123: 5680 | I123: =I$6 -> 2400 | J123: 1 | K123: 180 | L123: =J123*I123/K123 -> 13.333333 | M123: =3600*24 -> 86400 | N123: 30 | O123: 0.1 | P123: =L123*M123*N123*O123/1000000 -> 3.456 | Q123: =P123 -> 3.456
G124: N2 normal | H124: 4928 | I124: =I$7 -> 1920 | J124: 0 | K124: 180 | L124: =J124*I124/K124 -> 0 | M124: =3600*24 -> 86400 | N124: 30 | O124: 0.1 | P124: =L124*M124*N124*O124/1000000 -> 0 | Q124: =P124 -> 0
G125: N3+ extra | H125: 64000 | I125: =I$8 -> 20000 | J125: 1 | K125: 7200 | L125: =J125*I125/K125 -> 2.7777778 | M125: =3600*24 -> 86400 | N125: 30 | O125: 0.1 | P125: =L125*M125*N125*O125/1000000 -> 0.72 | Q125: =P125 -> 0.72
G126: HK/status | H126: 512 | I126: =H126 -> 512 | J126: 1 | K126: 1800 | L126: =J126*I126/K126 -> 0.28444444 | M126: =3600*24 -> 86400 | N126: 30 | O126: 0.1 | P126: =L126*M126*N126*O126/1000000 -> 0.073728 | Q126: =P126 -> 0.073728
...

Sheet 2025_pb
M2: not played back swap | N2: 126 | O2: 159 | P2: =O2-N2 -> 33 | Q2: =P2*S6 -> 31.728378
N3: 159 | O3: 181 | P3: =O3-N3 -> 22 | Q3: =P3*X6 -> 56.201821 | V3: =4.513307/V10 -> 0.92947581 | X3: =25/X6 -> 9.7861598
N4: 181 | O4: 218 | P4: =O4-N4 -> 37 | Q4: =P4*S6 -> 35.574242
Q5: =Q4+Q3+Q2 -> 123.50444
R6: Mbits/day | S6: 0.961466 | U6: Mbits/day | V6: =V9*8*86400/1000000 -> 2.640384 | W6: 2.546459 | X6: 2.5546282
R7: Non-hibernatio | S7: RT = 30 MIN | U7: hibernation | V7: RT = 10 MIN | Z7: DT1 | AA7: DT2 | AB7: HSK3 | AC7: DT2 if 102 | AD7: DT3 | AE7: DT4
R8: swap gain by/s | S8: 14.778455 | T8: =T9*1.1 -> 0.40055257 | U8: swap gain by/s | V8: 14.778455 | W8: should be: | X8: latest: | Z8: N1 | AA8: N3 | AB8: Status | AC8: Buff Rates | AD8: N2 | AE8: Trig Assess | AF8: Mbits/d
N9: 125Mb/2.55Mb/d | O9: =125/X6 -> 48.930799 | Q9: 0.961466 | R9: swap bytes/s | S9: =S6*1000000/(8*86400) -> 1.3910098 | T9: =S9/V9 -> 0.3641387 | U9: swap bytes/s | V9: 3.82 | W9: =W6*1000000/(8*86400) -> 3.6841131 | X9: =X6*1000000/(8*86400) -> 3.695932 | Y9: total bps | Z9: bps | AA9: bps | AB9: bps | AC9: bps | AD9: bps | AE9: bps
N10: end of 25181 | O10: =347+49-365 -> 31 | S10: erroneously used in 96/118 | T10: MACRO 101 | U10: pepssi bytes/s | V10: =Y10/8 -> 4.8557552 | W10: w N2 + DT4 | X10: N1 = 120 | Y10: =SUM(Z10:AE10) -> 38.846042 | Z10: 16.566667 | AA10: 2.5244444 | AB10: 0.28444444 | AC10: 10.869792 | AD10: 5.8611111 | AE10: 2.7395833
M11: plus gain | N11: days pb 207 | O11: =(40-6)/X6 -> 13.309177 | S11: should have used for 96/118 | T11: MACRO 101 | U11: pepssi bytes/s | V11: =Y11/8 -> 4.5133073 | W11: w N2 no DT4 | X11: N1 = 120 | Y11: =SUM(Z11:AE11) -> 36.106458 | Z11: 16.566667 | AA11: 2.5244444 | AB11: 0.28444444 | AC11: 10.869792 | AD11: 5.8611111 | AF11: =Y11*86400/1000000 -> 3.119598
N12: =(83-45)*X6 -> 97.075872 | S12: 25159 | T12: MAC 103/110 | U12: pepssi bytes/s | V12: =Y12/8 -> 3.0903906 | W12: No N2/DT4 | X12: N1 = 180 | Y12: =SUM(Z12:AE12) -> 24.723125 | Z12: 11.044444 | AA12: 2.5244444 | AB12: 0.28444444 | AC12: 10.869792 | AF12: =Y12*86400/1000000 -> 2.136078
P13: ?? | S13: 25139 | T13: MACRO 101 | U13: pepssi bytes/s | V13: =Y13/8 -> 3.7806684 | W13: No N2/DT4 | X13: N1 = 120 | Y13: =SUM(Z13:AE13) -> 30.245347 | Z13: 16.566667 | AA13: 2.5244444 | AB13: 0.28444444 | AC13: 10.869792 | AF13: =Y13*86400/1000000 -> 2.613198
S14: 25159 | T14: MAC 103/110 | U14: pepssi bytes/s | V14: =Y14/8 -> 0.34244792 | W14: DT4 | X14: N1 = 180 | Y14: =SUM(Z14:AE14) -> 2.7395833 | AE14: 2.7395833 | AF14: =Y14*86400/1000000 -> 0.2367 | AG14: =AF14*21 -> 4.9707
S15: 25159 no macros | T15: ‘survey’ only | U15: pepssi bytes/s | V15: =Y15/8 -> 1.7316667 | W15: N1/N3/St | X15: N1 = 180 | Y15: =SUM(Z15:AE15) -> 13.853333 | Z15: 11.044444 | AA15: 2.5244444 | AB15: 0.28444444 | AF15: =Y15*86400/1000000 -> 1.196928
Q16: NO ==> not 120 | S16: 25181 no macros | T16: ‘survey’ only | U16: pepssi bytes/s | V16: =Y16/8 -> 2.4219444 | W16: N1/N3/St | X16: N1 = 120 | Y16: =SUM(Z16:AE16) -> 19.375556 | Z16: 16.566667 | AA16: 2.5244444 | AB16: 0.28444444 | AF16: =Y16*86400/1000000 -> 1.674048
Q17: n1/n2/st/ta | S17: 25181 | T17: MAC 103/105 | U17: pepssi bytes/s | V17: =Y17/8 -> 2.1248785 | W17: No N3/BuffR | X17: N1 = 180 | Y17: =SUM(Z17:AE17) -> 16.999028 | Z17: 11.044444 | AB17: 0.28444444 | AD17: 2.9305556 | AE17: 2.7395833 | AF17: =Y17*86400/1000000 -> 1.468716
Q18: n3/br | S18: 25181 | T18: MAC 103/105 | U18: pepssi bytes/s | V18: =Y18/8 -> 1.6742795 | W18: only N3/Buff | X18: N1 = 180 | Y18: =SUM(Z18:AE18) -> 13.394236 | AA18: 2.5244444 | AC18: 10.869792 | AF18: =Y18*86400/1000000 -> 1.157262
S19: 25181 | T19: MAC 103/105 | U19: pepssi bytes/s | V19: =Y19/8 -> 3.799158 | W19: all | X19: N1 = 180 | Y19: =SUM(Z19:AE19) -> 30.393264 | Z19: 11.044444 | AA19: 2.5244444 | AB19: 0.28444444 | AC19: 10.869792 | AD19: 2.9305556 | AE19: 2.7395833 | AF19: =Y19*86400/1000000 -> 2.625978
S20: 25159 | T20: MAC 103/110 | U20: pepssi bytes/s | V20: =Y20/8 -> 52.75 | W20: N2 only | X20: N1 = 180 | Y20: =SUM(Z20:AE20) -> 422 | AD20: 422 | AF20: =Y20*86400/1000000 -> 36.4608
T21: 25207 MAC 104/105 | U21: pepssi bytes/s | V21: =Y21/8 -> 1.7889844 | W21: N1/N2/TA/St | X21: N1=300 | Y21: =SUM(Z21:AE21) -> 14.311875 | Z21: 5.5222222 | AB21: 0.28444444 | AD21: 4.3958333 | AE21: 4.109375 | AF21: =Y21*86400/1000000 -> 1.236546
U23: pwron bytes | V23: 197375
P24: 097 00:46:28 | Q24: 096 16:15:01 | R24: 606262016 | S24: 8 | T24: C&DH #1 | U24: TT 12 | V24: SWAP_LVPS_POWER CDBOTH ON | W24: Turn ON SWAP | X24: K1SW_A4_SWAP_Daily_ON_096_1_power_on
O25: 25096 gain test | P25: 099 11:31:17 | Q25: 099 03:00:01 | R25: 606473516 | S25: 7 | T25: C&DH #1 | U25: TT 77 | V25: SWAP_LVPS_POWER CDBOTH ON | W25: Turn ON SWAP | X25: K1SW_A4_SWAP_GAIN_099_1
P26: 099 13:21:29 | Q26: 099 04:50:13 | R26: 606480128 | S26: 0 | T26: SWAP #1 | U26: TT 086 | V26: SWAP_TLM_HK_RATE 1H MACRO=EXEC | X26: K1SW_A4_SWAP_OFF_099__A4
P27: =R26-R25 -> 6612 | R27: 589335049 | S27: 589362052 | T27: =S27-R27 -> 27003 | U27: 110684 | V27: =U27/T27 -> 4.098952
M28: =(20+16/24)*38.9*86400/1000000 -> 69.45984 | P28: 099 13:54:49 | Q28: 099 05:23:33 | R28: 606482128 | S28: 1 | T28: C&DH #1 | U28: TT 87 | V28: SSR_LO_RCRD_SYNC SWAP_DT1 | X28: K1SW_A4_Refresh_All_099 | AD28: =11000000/500 -> 22000 | AE28: =AD28/3600 -> 6.1111111 | AG28: remaining
P29: 25096 | U29: =V23 -> 197375 | W29: Mbits/sec | X29: 2.70622e-05 | AB29: bytes using corrected rates | AE29: =11000000/500 -> 22000 | AF29: =AE29/3600 -> 6.1111111 | AH29: on track | AI29: Mbit dl
P30: track | Q30: start met | R30: end met | S30: seconds | T30: calculated bytes | U30: power ons | V30: total calc bytes | W30: bytes avail | X30: difference | AA30: pb report | AB30: calculated | AC30: actual Mbits | AD30: delta | AE30: delta | AH30: rel to S | AJ30: =AJ31+AJ33+AJ34 -> 31.701153
L31: 96/16:15 | M31: 99/03:01 | N31: pwron to gain | O31: 111/08:19 | P31: 111_1 | Q31: =R24-20 -> 606261996 | R31: =R25 -> 606473516 | S31: =R31-Q31 -> 211520 | T31: =S31*$V$9 -> 808006.4 | U31: 0 | V31: =T31+U31*$V$23 -> 808006.4 | W31: =Y31*1000000/8 -> 1085211.8 | X31: =W31-V31 -> 277205.35 | Y31: =8.681694 -> 8.681694 | AA31: 344216 | AB31: =S31*$S$9 -> 294226.4 | AC31: =AB31*8/1000000 -> 2.3538112 | AD31: =AB31+AB32 -> 1088101.4 | AE31: =AC31+AC32 -> 8.7048112 | AF31: TRK_111_1 | AG31: 111/08:19 | AH31: =X31*8/1000000 -> 2.2176428 | AI31: =V31*8/1000000 -> 6.4640512 | AJ31: 8.681694 | AK31: TRK_111_1 | AL31: 2025-111T08:34:01 | AM31: 0.80021 | AN31: 6 | AO31: 1.786772 | AP31: 0.986556 | AQ31: 8.681694
K32: gain test | L32: 99/03:01 | M32: 99/04:50 | N32: 5.58 | P32: 111_1 | Q32: =R31-1 -> 606473515 | R32: =R26 -> 606480128 | S32: =R32-Q32 -> 6613 | T32: =N32*1000000/8 -> 697500 | U32: 0 | V32: =T32+U32*$V$23 -> 697500 | W32: =X31 -> 277205.35 | X32: =W32-V32 -> -420294.65 | AA32: 677415 | AB32: =AC32*1000000/8 -> 793875 | AC32: 6.351 | AD32: =AB32+AB31-W31 -> 2889.6509 | AE32: =AC32+AC31-Y31 -> 0.023117207
K33: post gain | L33: 99/04:50 | M33: 103/21:12 | O33: 112/00:34 | P33: 112_1 | Q33: =R32-1 -> 606480127 | R33: =((W33)/$V$9)+Q33 -> 6.0688464e+08 | S33: =R33-Q33 -> 404514.65 | T33: =S33*$V$9 -> 1545246 | U33: 0 | V33: =T33+U33*$V$23 -> 1545246 | W33: =Y33*1000000/8+X32 -> 1545246 | X33: =W33-V33 -> -6.8917871e-08 | Y33: =AJ33 -> 15.724325 | AA33: 647088 | AB33: =S33*$S$9 -> 562683.86 | AC33: =AB33*8/1000000 -> 4.5014709 | AD33: =AB33-V33 -> -982562.11 | AE33: =AD33*8/1000000 -> -7.8604969 | AF33: =AK33 -> TRK_112_1 | AG33: 112/00:34 | AH33: =X33*8/1000000 -> -5.5134296e-13 | AI33: =V33*8/1000000 -> 12.361968 | AJ33: 15.724325 | AK33: TRK_112_1 | AL33: 2025-112T00:49:01 | AM33: 0.23065 | AN33: 6 | AO33: 2.017511 | AP33: 1.786855 | AQ33: 15.724325
L34: 103/21:12 | M34: 106/15:30 | O34: 112/18:29 | P34: 112_2 | Q34: =R33-1 -> 6.0688464e+08 | R34: =((W34)/$V$9)+Q34 -> 6.0712336e+08 | S34: =R34-Q34 -> 238715.12 | T34: =S34*$V$9 -> 911891.75 | U34: 0 | V34: =T34+U34*$V$23 -> 911891.75 | W34: =Y34*1000000/8 -> 911891.75 | X34: =W34-V34 -> -8.8126399e-08 | Y34: =AJ34 -> 7.295134 | AA34: 323548 | AB34: =S34*$S$9 -> 332055.08 | AC34: =AB34*8/1000000 -> 2.6564406 | AD34: =AB34-V34 -> -579836.67 | AE34: =AC34-Y34 -> -4.6386934 | AF34: =AK34 -> TRK_112_2 | AG34: 112/18:29 | AH34: =X34*8/1000000 -> -7.0501119e-13 | AI34: =V34*8/1000000 -> 7.295134 | AJ34: 7.295134 | AK34: TRK_112_2 | AL34: 2025-112T18:44:01 | AM34: 0.23528 | AN34: 2 | AO34: 1.064274 | AP34: 0.828992 | AQ34: 7.295134
AB35: Pos – act is greater
P36: 097 01:06:28 | Q36: 096 16:35:01 | R36: 606263216 | S36: 7 | T36: C&DH #1 | U36: TT 14 | V36: PEPSSI_LVPS_POWER CDBOTH ON | W36: Turn ON PEPSSI | X36: K2PE_PEPSSI_POWERON_Macro_101_2025_096 | AA36: pbrprt | AB36: Act – pred | AC36: mbits
A37: pwr on => | L37: 96/16:35 | M37: 99/20:14 | O37: 113/10:49 | P37: 113_1 | Q37: =R36-20 -> 606263196 | R37: =((W37-U37*$V$23)/$V$10)+Q37 -> 6.0653598e+08 | S37: =R37-Q37 -> 272779.99 | T37: =S37*$V$10 -> 1324552.9 | U37: 1 | V37: =T37+U37*$V$23 -> 1521927.9 | W37: =Y37*1000000/8 -> 1521927.9 | X37: =W37-V37 -> -2.7753413e-07 | Y37: =AJ37 -> 12.175423 | AA37: 1614636 | AB37: =AA37-T37 -> 290083.12 | AC37: =(AB37/8)/1000000 -> 0.036260391 | AF37: =AK37 -> TRK_113_1 | AG37: 113/10:49 | AH37: =X37*8/1000000 -> -2.220273e-12 | AI37: =V37*8/1000000 -> 12.175423 | AJ37: 12.175423 | AK37: TRK_113_1 | AL37: 2025-113T11:04:01 | AM37: 0.23605 | AN37: 6 | AO37: 1.619627 | AP37: 1.383571 | AQ37: 12.175423
L38: =M37 -> 99/20:14 | M38: 104/11:33 | O38: 114/04:39 | P38: 114_1 | Q38: =R37-1 -> 6.0653597e+08 | R38: =((W38-U38*$V$23)/$V$10)+Q38 -> 6.0693725e+08 | S38: =R38-Q38 -> 401274.55 | T38: =S38*$V$10 -> 1948491 | U38: 0 | V38: =T38+U38*$V$23 -> 1948491 | W38: =Y38*1000000/8 -> 1948491 | X38: =W38-V38 -> -2.6449561e-07 | Y38: =AJ38 -> 15.587928 | AA38: 2057144 | AB38: =AA38-T38 -> 108653 | AC38: =(AB38/8)/1000000 -> 0.013581625 | AF38: =AK38 -> TRK_114_1_ | AG38: 114/04:39 | AH38: =X38*8/1000000 -> -2.1159649e-12 | AI38: =V38*8/1000000 -> 15.587928 | AJ38: 15.587928 | AK38: TRK_114_1_ | AL38: 2025-114T04:54:01 | AM38: 0.40828 | AN38: 6 | AO38: 2.179641 | AP38: 1.771355 | AQ38: 15.587928
L39: =M38 -> 104/11:33 | M39: 107/02:56 | O39: 115/00:44 | P39: 115_1 | Q39: =R38-1 -> 6.0693725e+08 | R39: =((W39-U39*$V$23)/$V$10)+Q39 -> 6.0716573e+08 | S39: =R39-Q39 -> 228485.52 | T39: =S39*$V$10 -> 1109469.7 | U39: 0 | V39: =T39+U39*$V$23 -> 1109469.7 | W39: =Y39*1000000/8 -> 1109469.8 | X39: =W39-V39 -> 2.4074689e-07 | Y39: =AJ39 -> 8.875758 | AA39: 1157806 | AB39: =AA39-T39 -> 48336.25 | AC39: =(AB39/8)/1000000 -> 0.0060420313 | AF39: =AK39 -> TRK_115_1 | AG39: 115/00:44 | AH39: =X39*8/1000000 -> 1.9259751e-12 | AI39: =V39*8/1000000 -> 8.875758 | AJ39: 8.875758 | AK39: TRK_115_1 | AL39: 2025-115T00:59:01 | AM39: 0.25274 | AN39: 0 | AO39: 1.261349 | AP39: 1.008609 | AQ39: 8.875758
AJ40: =SUM(AJ37:AJ39) -> 36.639109
L41: 106/15:30 | M41: 107/14:27 | O41: 118/04:45 | P41: 118_1 | Q41: =R34-1 -> 6.0712335e+08 | R41: =((W41)/$V$9)+Q41 -> 6.0716481e+08 | S41: =R41-Q41 -> 41459.719 | T41: =S41*$V$9 -> 158376.13 | U41: 0 | V41: =T41+U41*$V$23 -> 158376.13 | W41: =Y41*1000000/8 -> 158376.12 | X41: =W41-V41 -> -2.1932647e-07 | Y41: =AJ41 -> 1.267009 | AB41: =S41*$S$9 -> 57670.876 | AC41: =AB41*8/1000000 -> 0.46136701 | AD41: =AB41-V41 -> -100705.25 | AE41: =AC41-Y41 -> -0.80564199 | AF41: =AK41 -> TRK_118_1 | AG41: 118/04:45 | AH41: =X41*8/1000000 -> -1.7546117e-12 | AI41: =V41*8/1000000 -> 1.267009 | AJ41: 1.267009 | AK41: TRK_118_1 | AL41: 2025-118T05:00:01 | AM41: 0.65856 | AN41: 2 | AO41: 0.80254 | AP41: 0.143978 | AQ41: 1.267009
M42: 107/03:01 | Y42: =SUM(Y31:Y41) -> 69.607271 | AB42: =AC41+AC34+AC33+AC32+AC31 -> 16.32409
Y43: =Y41+Y34+Y33+Y31 -> 32.968162 | Z43: =Y39+Y38+Y37 -> 36.639109 | AB43: swap actual
Y44: swap | Z44: pepssi | AK44: 25118:TRK_119_1:1 | AL44: 2025-119_00:25:01 | AM44: 14.73 | AN44: -5.43 | AO44: -5.43 | AR44: 16.2
L45: alice says they got 3132176 bytes of PEPSSI_DT4 0x068A. | AK45: 25118:TRK_119_2_:1 | AL45: 2025-119_17:15:01 | AM45: 3.7 | AN45: 3.7 | AO45: -1.73 | AR45: 4.07
L46: they think it’s about half. | AK46: 25118:TRK_120_1:1 | AL46: 2025-120_03:05:01 | AM46: 4.31 | AN46: -2.41 | AO46: -4.14 | AR46: 4.74
AK47: 25118:TRK_121_1:1 | AL47: 2025-121_10:30:01 | AM47: 4.42 | AN47: 1.46 | AO47: -2.68 | AR47: 4.87
P48: 118 15:41:37 | Q48: 118 07:11:47 | R48: 608130222 | S48: 1 | T48: C&DH #1 | U48: TT 435 | V48: SSR_LO_RCRD_SYNC PEPSSI_DT4 | X48: K2PE_PEPSSI_POWEROFF_2025_118 | AK48: 25118:TRK_121_2:1 | AL48: 2025-121_18:05:01 | AM48: 11.87 | AN48: 9.11 | AO48: 6.43 | AP48: =AO48 -> 6.43 | AR48: 13.04
X49: pos means track undersubscribed (didn’t use all of dldv) | AK49: 25118:TRK_122_1_:1 | AL49: 2025-122_07:35:01 | AM49: 11.16 | AN49: 11.16 | AO49: 11.16 | AP49: =AP48+AO49 -> 17.59 | AR49: 12.28
X50: neg means oversubscribed | AL50: 25118:TRK_124_1:1 | AM50: 2025-124_20:00:01 | AN50: 0 | AO50: 0 | AP50: 0
P51: 25118 | U51: =Q40 -> 0 | AH51: rem on trk | AI51: Mbit dl | AL51: 25118:TRK_126_1_:1 | AM51: 2025-126_01:00:01 | AN51: 0 | AO51: 0 | AP51: 0
P52: track | Q52: start met | R52: end met | S52: seconds | T52: calculated bytes | U52: power ons | V52: total calc bytes | W52: bytes avail | X52: difference | AA52: calculated | AB52: actual Mbits | AC52: delta bytes | AD52: delta mbits | AH52: rel to S | AL52: 25118:TRK_126_3:1 | AM52: 2025-126_17:45:01 | AN52: 3.19 | AO52: 3.19 | AP52: 3.19 | AQ52: =AP49+AP52 -> 20.78 | AS52: 3.5
P53: 116 08:23:06 | Q53: 115 23:53:06 | R53: 607931101 | S53: 1 | T53: C&DH #1 | U53: TT 397 | V53: SSR_LO_RCRD_SYNC SWAP_DT1 | X53: K1SW_A4_SWAP_OFF_115__A4_before_thermal_test | AL53: 25118:TRK_127_1:1 | AM53: 2025-127_03:55:01 | AN53: 6.36 | AO53: 6.36 | AP53: 6.36 | AQ53: =AQ52+AP53 -> 27.14 | AS53: 6.99
L54: 107/03:02 | M54: 115/23:53 | N54: to pwr off 115/23:53 | P54: 121_2 | Q54: =R41-1 -> 6.0716481e+08 | R54: =R53+20 -> 607931121 | S54: =R54-Q54 -> 766307.51 | T54: =S54*$V$9 -> 2927294.7 | U54: 0 | V54: =T54+U54*$V$23 -> 2927294.7 | W54: =Y54*1000000/8 -> 2857250 | X54: =W54-V54 -> -70044.69 | Y54: =1.1*(AO48+AO49+AP52) -> 22.858 | Z54: Thru 127_2 | AA54: =S54*$S$9 -> 1065941.3 | AB54: =AA54*8/1000000 -> 8.5275303 | AC54: =AA54-V54 -> -1861353.4 | AD54: =AB54-Y54 -> -14.33047 | AF54: TRK_121_2 | AG54: 121/17:51 | AH54: =X54*8/1000000 -> -0.56035752 | AI54: =V54*8/1000000 -> 23.418358 | AL54: 25118:TRK_127_2:1 | AM54: 2025-128_02:10:01 | AN54: 8.57 | AO54: 8.57 | AP54: 8.57 | AQ54: =AQ53+AP54 -> 35.71 | AS54: 9.43
C55: mac1 | D55: mac2 | E55: HSK3 | F55: DT1 | G55: DT2 | H55: DT3 | I55: DT4 | J55: SDT1 | P55: 116 08:26:47 | Q55: 115 23:56:47 | R55: 607931322 | S55: 1 | T55: C&DH #1 | U55: TT 397 | V55: SSR_LO_RCRD_SYNC PEPSSI_DT4 | X55: K2PE_PEPSSI_POWEROFF_2025_115 | AL55: 25118:TRK_129_2_:1 | AM55: 2025-129_17:25:01 | AN55: 0 | AO55: 0 | AP55: 0
B56: 102 | C56: 101 | E56: HSK3 | F56: DT1 | G56: DT2 | H56: DT3 | L56: 107/02:56 | M56: 115/23:56 | N56: to pwr off 115/23:56 | P56: 126_3 | Q56: =R39-1 -> 6.0716573e+08 | R56: =R55+20 -> 607931342 | S56: =R56-Q56 -> 765608.93 | T56: =S56*$V$10 -> 3717609.6 | U56: 0 | V56: =T56+U56*$V$23 -> 3717609.6 | W56: =Y56*1000000/8+X54 -> 5179705.3 | X56: =W56-V56 -> 1462095.7 | Y56: =1.1*(AP53+AP54+AP59+AP60) -> 41.998 | Z56: Thru 134_2 | AA56: 1654428 | AB56: =AA56-T56 -> -2063181.6 | AC56: =(AB56/8)/1000000 -> -0.2578977 | AF56: TRK_126_3 | AG56: 126/17:30 | AH56: =X56*8/1000000 -> 11.696766 | AI56: =V56*8/1000000 -> 29.740877 | AL56: 25118:TRK_131_2:1 | AM56: 2025-131_18:06:01 | AN56: 0 | AO56: 0 | AP56: 0
P57: 116 16:44:59 | Q57: 116 08:15:01 | R57: 607961216 | S57: 7 | T57: C&DH #1 | U57: TT 401 | V57: PEPSSI_LVPS_POWER CDBOTH ON | W57: Turn ON PEPSSI | X57: K2PE_PEPSSI_POWERON_Macro_101_2025_116 | AL57: 25118:TRK_132_2:1 | AM57: 2025-132_23:31:01 | AN57: 0 | AO57: 0 | AP57: 0
B58: 102 | C58: 101 | E58: HSK3 | F58: DT1 | G58: DT2 | H58: DT3 | L58: 116/0814 | M58: 119/07:51 | N58: pwr on 116/0815 to | P58: 126_3 | Q58: =R57-20 -> 607961196 | R58: =((W58-U58*$V$23)/$V$10)+Q58 -> 6.0822165e+08 | S58: =R58-Q58 -> 260458.09 | T58: =S58*$V$10 -> 1264720.7 | U58: 1 | V58: =T58+U58*$V$23 -> 1462095.7 | W58: =X56 -> 1462095.7 | X58: =W58-V58 -> 8.2654878e-08 | Y58: underscubribed just by 15min | AA58: 334035 | AB58: =AA58-T58 -> -930685.74 | AC58: =(AB58/8)/1000000 -> -0.11633572 | AF58: =15*60*4.8624 -> 4376.16 | AG58: bytes | AH58: =X58*8/1000000 -> 6.6123903e-13 | AI58: =V58*8/1000000 -> 11.696766 | AL58: 25118:TRK_133_1:1 | AM58: 2025-133_17:26:01 | AN58: 0 | AO58: 0 | AP58: 0
L59: forgot pwr off at | M59: 118/07:11:47 | N59: only 15m undersubscribed | P59: 116 16:37:00 | Q59: 116 08:07:02 | R59: 607960737 | S59: 7 | T59: C&DH #1 | U59: TT 400 | V59: SWAP_LVPS_POWER CDBOTH ON | W59: Turn ON SWAP | X59: K1SW_A4_SWAP_Daily_ON_116_1_end_thermal_test | AL59: 25118:TRK_134_1:1 | AM59: 2025-134_02:31:01 | AN59: 6.03 | AO59: 6.03 | AP59: 6.03 | AQ59: =AQ54+AP59 -> 41.74 | AS59: 6.63
L60: 116/0806 | M60: 122/2353 | N60: pwron to pwroff 122/2345 | P60: 135_1 | Q60: =R59-20 -> 607960717 | R60: =R62+20 -> 608535921 | S60: =R60-Q60 -> 575204 | T60: =S60*$V$9 -> 2197279.3 | U60: 0 | V60: =T60+U60*$V$23 -> 2197279.3 | W60: =Y60*1000000/8 -> 3121250 | X60: =W60-V60 -> 923970.72 | Y60: =1.1*(AP61+AP62+AP63) -> 24.97 | Z60: Thru 138_1 | AA60: =S60*$S$9 -> 800114.42 | AB60: =AA60*8/1000000 -> 6.4009154 | AC60: =AA60-V60 -> -1397164.9 | AD60: =AB60-Y60 -> -18.569085 | AF60: TRK_134_2 | AG60: 134/02:16:07 | AH60: =X60*8/1000000 -> 7.3917658 | AI60: =V60*8/1000000 -> 17.578234 | AL60: 25118:TRK_134_2_:1 | AM60: 2025-134_18:46:01 | AN60: 17.22 | AO60: 17.22 | AP60: 17.22 | AQ60: =AQ59+AP60 -> 58.96 | AS60: 18.94
O61: pwr off previous time | P61: 124 08:22:33 | Q61: 123 23:53:06 | R61: 608622301 | S61: 1 | T61: C&DH #1 | U61: TT 142 | V61: SSR_LO_RCRD_SYNC SWAP_DT1 | X61: K2SW_A4_SWAP_Off_123_before_thermal_test | Y61: =(Y60+Y56+Y54)*0.9 -> 80.8434 | AL61: 25118:TRK_135_1:1 | AM61: 2025-135_18:16:01 | AN61: 8.78 | AO61: 8.78 | AP61: 8.78 | AQ61: =AQ60+AP61 -> 67.74 | AS61: 9.66
O62: Moved 1 day earlier | P62: 123 08:22:33 | Q62: 122 23:53:06 | R62: =R61-86400 -> 608535901 | S62: 1 | T62: C&DH #1 | U62: TT 142 | V62: SSR_LO_RCRD_SYNC SWAP_DT1 | X62: K2SW_A4_SWAP_Off_123_before_thermal_test | AL62: 25118:TRK_136_1:1 | AM62: 2025-136_03:16:01 | AN62: 6.38 | AO62: 6.38 | AP62: 6.38 | AQ62: =AQ61+AP62 -> 74.12 | AS62: 7.01
O63: pwr on previou time | P63: 124 16:36:27 | Q63: 124 08:07:01 | R63: 608651936 | S63: 7 | T63: C&DH #1 | U63: TT 144 | V63: SWAP_LVPS_POWER CDBOTH ON | W63: Turn ON SWAP | X63: K1SW_A4_SWAP_Daily_ON_124_1_end_thermal_test | AL63: 25118:TRK_138_1:1 | AM63: 2025-138_17:31:01 | AN63: 7.54 | AO63: 7.54 | AP63: 7.54 | AQ63: =AQ62+AP63 -> 81.66 | AR63: =AQ63/2 -> 40.83 | AS63: 8.3
O64: Moved 1 day earlier | P64: 124 16:36:27 | Q64: 123 08:07:01 | R64: =R63-86400 -> 608565536 | S64: 7 | T64: C&DH #1 | U64: TT 144 | V64: SWAP_LVPS_POWER CDBOTH ON | W64: Turn ON SWAP | X64: K1SW_A4_SWAP_Daily_ON_124_1_end_thermal_test
L65: 123/0807 | M65: 126/0318 | N65: pwr on 123/0807 | P65: 135_1 | Q65: =R64-20 -> 608565516 | R65: =((W65)/$V$9)+Q65 -> 6.0880739e+08 | S65: =R65-Q65 -> 241877.15 | T65: =S65*$V$9 -> 923970.72 | U65: 0 | V65: =T65+U65*$V$23 -> 923970.72 | W65: =X60 -> 923970.72 | X65: =W65-V65 -> -1.6298145e-09 | Y65: =SUM(Y54:Y60) -> 89.826 | AA65: =S65*$S$9 -> 336453.5 | AB65: =AA65*8/1000000 -> 2.691628 | AC65: =AA65-V65 -> -587517.22 | AD65: =AB65-Y65 -> -87.134372 | AG65: 134/02:16:12 | AH65: =X65*8/1000000 -> -1.3038516e-14 | AI65: =V65*8/1000000 -> 7.3917658
Z66: =Y56 -> 41.998 | AB66: =AB65+AB60+AB54 -> 17.620074
X67: pos means track undersubscribed (didn’t use all of dldv) | AB67: swap actual
P68: I missed this power off in 25118 playback, but it was only 15 min undersubscribed. | X68: neg means oversubscribed (used it up plus need more track time)
P69: 118 15:41:37 | Q69: 118 07:11:47 | R69: 608130222 | S69: 1 | T69: C&DH #1 | U69: TT 435 | V69: SSR_LO_RCRD_SYNC PEPSSI_DT4 | X69: K2PE_PEPSSI_POWEROFF_2025_118
P70: 118 15:54:51 | Q70: 118 07:25:01 | R70: 608131016 | S70: 7 | T70: C&DH #1 | U70: TT 10 | V70: PEPSSI_LVPS_POWER CDBOTH ON | W70: Turn ON PEPSSI | X70: K2PE_PEPSSI_POWERON_Macro_101_2025_118
P71: 25139 | AC71: Pos – act is greater
L72: assumes rate if +dt4 but didn’t cmd dt4, still worked out | P72: track | Q72: start met | R72: end met | S72: seconds | T72: calculated bytes | U72: power ons | V72: total calc bytes | W72: bytes avail | X72: difference | AB72: pbrprt | AC72: Act – pred | AD72: mbits
C73: mac1 | D73: mac2 | E73: HSK3 | F73: DT1 | G73: DT2 | H73: DT3 | I73: DT4 | J73: SDT1 | L73: this picks up where pb left off in 25118 | P73: 123 08:26:18 | Q73: 122 23:56:47 | R73: 608536122 | S73: 1 | T73: C&DH #1 | U73: TT 88 | V73: SSR_LO_RCRD_SYNC PEPSSI_DT4 | X73: K2PE_PEPSSI_POWEROFF_2025_123 | AH73: leftover | AI73: Mbit dl | AL73: Load:Name:SSR | AM73: StartUTC | AN73: Capacity | AO73: Balance | AP73: RunTotal
B74: 102 | C74: 101 | E74: HSK3 | F74: DT1 | G74: DT2 | H74: DT3 | L74: 119/07:51 | M74: 122/23:57 | N74: pwr off | O74: 139/19:46 | P74: 139_1 | Q74: =R58-1 -> 6.0822165e+08 | R74: =R73+20 -> 608536142 | S74: =R74-Q74 -> 314488.91 | T74: =S74*$V$10 -> 1527081.1 | U74: 1 | V74: =T74+U74*$V$23 -> 1724456.1 | W74: =Y74*1000000/8 -> 2076250 | X74: =W74-V74 -> 351793.85 | Y74: =1.1*AN74 -> 16.61 | AB74: 1612718 | AC74: =AB74-V74 -> -111738.15 | AD74: =AC74*8/1000000 -> -0.8939052 | AE74: =AC74/AB74 -> -0.06928561 | AF74: TRK_139_1 | AG74: 139/19:46 | AH74: =X74*8/1000000 -> 2.8143508 | AI74: =V74*8/1000000 -> 13.795649 | AL74: 25139:TRK_139_1_:1 | AM74: 2025-139_20:01:01 | AN74: 15.1 | AO74: 15.1 | AP74: 15.1 | AQ74: =AP74 -> 15.1
P75: 123 16:44:32 | Q75: 123 08:15:02 | R75: 608566017 | S75: 7 | T75: C&DH #1 | U75: TT 92 | V75: PEPSSI_LVPS_POWER CDBOTH ON | W75: Turn ON PEPSSI | X75: K2PE_PEPSSI_POWERON_Macro_101_2025_124
A76: pwr on => | B76: 102 | C76: 101 | E76: HSK3 | F76: DT1 | G76: DT2 | H76: DT3 | L76: 123/08:15 | M76: 123/16:13 | O76: 139/19:46 | P76: 139_1 | Q76: =R75+20 -> 608566037 | R76: =((W76-U76*$V$23)/$V$10)+Q76 -> 6.0859784e+08 | S76: =R76-Q76 -> 31801.202 | T76: =S76*$V$10 -> 154418.85 | U76: 1 | V76: =T76+U76*$V$23 -> 351793.85 | W76: =X74 -> 351793.85 | X76: =W76-V76 -> 1.3102544e-07 | AB76: 334134 | AC76: =AB76-V76 -> -17659.85 | AD76: =AC76*8/1000000 -> -0.1412788 | AE76: =AC76/AB76 -> -0.052852599 | AF76: TRK_139_1 | AG76: 139/19:46 | AH76: =X76*8/1000000 -> 1.0482036e-12 | AI76: =V76*8/1000000 -> 2.8143508
B77: 102 | C77: 101 | E77: HSK3 | F77: DT1 | G77: DT2 | H77: DT3 | L77: 123/16:13 | M77: 126/02:10 | O77: 140/17:01 | P77: 140_1 | Q77: =R76-1 -> 6.0859784e+08 | R77: =((W77-U77*$V$23)/$V$10)+Q77 -> 6.0880682e+08 | S77: =R77-Q77 -> 208978.82 | T77: =S77*$V$10 -> 1014750 | U77: 0 | V77: =T77+U77*$V$23 -> 1014750 | W77: =Y77*1000000/8 -> 1014750 | X77: =W77-V77 -> -8.0326572e-08 | Y77: =1.1*AN77 -> 8.118 | AB77: 1116266 | AC77: =AB77-V77 -> 101516 | AD77: =AC77*8/1000000 -> 0.812128 | AE77: =AC77/AB77 -> 0.090942481 | AF77: TRK_140_1 | AG77: 140/17:01 | AH77: =X77*8/1000000 -> -6.4261258e-13 | AI77: =V77*8/1000000 -> 8.118 | AL77: 25139:TRK_140_1:1 | AM77: 2025-140_17:16:01 | AN77: 7.38 | AO77: 7.38 | AP77: 7.38 | AQ77: =AQ74+AP77 -> 22.48
B78: 102 | C78: 101 | E78: HSK3 | F78: DT1 | G78: DT2 | H78: DT3 | L78: 126/02:10 | M78: 127/22:57 | O78: 141/02:56 | P78: 141_1 | Q78: =R77-1 -> 6.0880682e+08 | R78: =((W78-U78*$V$23)/$V$10)+Q78 -> 6.0896822e+08 | S78: =R78-Q78 -> 161406.41 | T78: =S78*$V$10 -> 783750 | U78: 0 | V78: =T78+U78*$V$23 -> 783750 | W78: =Y78*1000000/8 -> 783750 | X78: =W78-V78 -> -7.1362592e-08 | Y78: =1.1*AN78 -> 6.27 | AB78: 862324 | AC78: =AB78-V78 -> 78574 | AD78: =AC78*8/1000000 -> 0.628592 | AE78: =AC78/AB78 -> 0.091118883 | AF78: TRK_141_1 | AG78: 141/02:56 | AH78: =X78*8/1000000 -> -5.7090074e-13 | AI78: =V78*8/1000000 -> 6.27 | AL78: 25139:TRK_141_1:1 | AM78: 2025-141_03:11:01 | AN78: 5.7 | AO78: 5.7 | AP78: 5.7 | AQ78: =AQ77+AP78 -> 28.18
B79: 102 | C79: 101 | E79: HSK3 | F79: DT1 | G79: DT2 | H79: DT3 | L79: 127/22:57 | M79: 129/17:05 | O79: 142/01:01 | P79: 142_1 | Q79: =R78-1 -> 6.0896822e+08 | R79: =((W79-U79*$V$23)/$V$10)+Q79 -> 6.0924204e+08 | S79: =R79-Q79 -> 273824.55 | T79: =S79*$V$10 -> 1329625 | U79: 0 | V79: =T79+U79*$V$23 -> 1329625 | W79: =Y79*1000000/8 -> 1329625 | X79: =W79-V79 -> -1.6530976e-08 | Y79: =1.1*AN79 -> 10.637 | AB79: 1414898 | AC79: =AB79-V79 -> 85273 | AD79: =AC79*8/1000000 -> 0.682184 | AE79: =AC79/AB79 -> 0.060267949 | AF79: TRK_142_1 | AG79: 142/01:01 | AH79: =X79*8/1000000 -> -1.3224781e-13 | AI79: =V79*8/1000000 -> 10.637 | AL79: 25139:TRK_142_1:1 | AM79: 2025-142_01:16:01 | AN79: 9.67 | AO79: 9.67 | AP79: 9.67 | AQ79: =AQ78+AP79 -> 37.85
B80: 102 | C80: 101 | E80: HSK3 | F80: DT1 | G80: DT2 | H80: DT3 | L80: 129/17:05 | M80: 133/04:28 | O80: 142/18:31 | P80: 142_2 | Q80: =R79-1 -> 6.0924204e+08 | R80: =((W80-U80*$V$23)/$V$10)+Q80 -> 6.0942072e+08 | S80: =R80-Q80 -> 178679.72 | T80: =S80*$V$10 -> 867625 | U80: 0 | V80: =T80+U80*$V$23 -> 867625 | W80: =Y80*1000000/8 -> 867625 | X80: =W80-V80 -> 1.1641532e-09 | Y80: =1.1*AN80 -> 6.941 | AB80: 924952 | AC80: =AB80-V80 -> 57327 | AD80: =AC80*8/1000000 -> 0.458616 | AE80: =AC80/AB80 -> 0.061978351 | AF80: TRK_142_2 | AG80: 142/18:31 | AH80: =X80*8/1000000 -> 9.3132257e-15 | AI80: =V80*8/1000000 -> 6.941 | AL80: 25139:TRK_142_2:1 | AM80: 2025-142_18:46:01 | AN80: 6.31 | AO80: 6.31 | AP80: 6.31 | AQ80: =AQ79+AP80 -> 44.16
B81: 102 | C81: 101 | E81: HSK3 | F81: DT1 | G81: DT2 | H81: DT3 | L81: 133/04:28 | M81: 135/13:16 | O81: 144/01:16 | P81: 144_1 | Q81: =R80-1 -> 6.0942072e+08 | R81: =((W81-U81*$V$23)/$V$10)+Q81 -> 6.0962545e+08 | S81: =R81-Q81 -> 204731.28 | T81: =S81*$V$10 -> 994125 | U81: 0 | V81: =T81+U81*$V$23 -> 994125 | W81: =Y81*1000000/8 -> 994125 | X81: =W81-V81 -> 2.7206261e-07 | Y81: =1.1*AN81 -> 7.953 | Z81: =SUM(Y74:Y81) -> 56.529 | AB81: 1063706 | AC81: =AB81-V81 -> 69581 | AD81: =AC81*8/1000000 -> 0.556648 | AE81: =AC81/AB81 -> 0.065413752 | AF81: TRK_144_1 | AG81: 144/01:16 | AH81: =X81*8/1000000 -> 2.1765009e-12 | AI81: =V81*8/1000000 -> 7.953 | AL81: 25139:TRK_144_1_:1 | AM81: 2025-144_01:31:01 | AN81: 7.23 | AO81: 7.23 | AP81: 7.23 | AQ81: =AQ80+AP81 -> 51.39
V82: =23*0.96 -> 22.08 | W82: =86400*V82 -> 1907712 | Z82: =Y72 -> 0 | AB82: =AB81+AB76+AB70 -> 1397840 | AD82: =SUM(AD74:AD81) -> 2.102984
O83: Last met played back in 24267: | Q83: 590138632
M84: pickup from 24267 | P84: 277 04:56:00 | Q84: 276 20:38:05 | R84: 590207401 | S84: 1 | T84: C&DH #1 | U84: TT 246 | V84: SSR_LO_RCRD_SYNC SWAP_DT1 | X84: K2SW_A4_SWAP_Off_276
L85: 276/01:32 | M85: 276/20:38 | N85: pwr off | O85: 153/15:36 | P85: 153_1 | Q85: =Q83-3 -> 590138629 | R85: =R84+20 -> 590207421 | S85: =R85-Q85 -> 68792 | T85: =S85*$W$9 -> 253437.51 | U85: 0 | V85: =T85+U85*$W$9 -> 253437.51 | W85: =Y85*1000000/8 -> 396000 | X85: =W85-V85 -> 142562.49 | Y85: =1.1*AN85 -> 3.168 | AB85: 283727 | AC85: =AB85-W85 -> -112273 | AD85: =AC85*8/1000000 -> -0.898184 | AF85: TRK_153_1 | AG85: 153/15:36 | AH85: =X85*8/1000000 -> 1.1404999 | AI85: =V85*8/1000000 -> 2.0275001 | AL85: 25139:TRK_153_1_:1 | AM85: 2025-153_15:51:01 | AN85: 2.88 | AO85: 2.88 | AP85: 2.88 | AQ85: =AP85 -> 2.88
P86: 277 15:58:00 | Q86: 277 07:40:00 | R86: 590247116 | S86: 7 | T86: C&DH #1 | U86: TT 267 | V86: SWAP_LVPS_POWER CDBOTH ON | W86: Turn ON SWAP | X86: K2SW_A4_SWAP_On_To_Med_277
A87: pwr on => | L87: 277/07:40 | M87: 277/18:25 | O87: 153/15:36 | P87: 153_1 | Q87: =R86-20 -> 590247096 | R87: =((W87)/$W$9)+Q87 -> 5.9028579e+08 | S87: =R87-Q87 -> 38696.556 | T87: =S87*$W$9 -> 142562.49 | U87: 0 | V87: =T87+U87*$V$23 -> 142562.49 | W87: =X85 -> 142562.49 | X87: =W87-V87 -> 1.0061194e-07 | AB87: 191209 | AC87: =AB87-W87 -> 48646.511 | AD87: =AC87*8/1000000 -> 0.38917209 | AH87: =X87*8/1000000 -> 8.0489554e-13 | AI87: =V87*8/1000000 -> 1.1404999
L88: 277/18:25 | M88: 283/04:53 | O88: 153/23:16 | P88: 153_2 | Q88: =R87-3 -> 5.9028579e+08 | R88: =((W88)/$W$9)+Q88 -> 5.9066909e+08 | S88: =R88-Q88 -> 383301.2 | T88: =S88*$W$9 -> 1412125 | U88: 0 | V88: =T88+U88*$V$23 -> 1412125 | W88: =Y88*1000000/8 -> 1412125 | X88: =W88-V88 -> -8.3586201e-08 | Y88: =1.1*AN88 -> 11.297 | AB88: 1411117 | AC88: =AB88-W88 -> -1008 | AD88: =AC88*8/1000000 -> -0.008064 | AF88: TRK_153_2 | AG88: 153/23:16 | AH88: =X88*8/1000000 -> -6.6868961e-13 | AI88: =V88*8/1000000 -> 11.297 | AL88: 25139:TRK_153_2:1 | AM88: 2025-153_23:31:01 | AN88: 10.27 | AO88: 10.27 | AP88: 10.27 | AQ88: =AQ85+AP88 -> 13.15
L89: 283/04:53 | M89: 291/07:00 | O89: 154/16:46 | P89: 154_1 | Q89: =R88-3 -> 5.9066909e+08 | R89: =((W89)/$W$9)+Q89 -> 5.9145435e+08 | S89: =R89-Q89 -> 785263.62 | T89: =S89*$W$9 -> 2893000 | U89: 0 | V89: =T89+U89*$V$23 -> 2893000 | W89: =Y89*1000000/8 -> 2893000 | X89: =W89-V89 -> 2.7939677e-08 | Y89: =1.1*AN89 -> 23.144 | AB89: 2901234 | AC89: =AB89-W89 -> 8234 | AD89: =AC89*8/1000000 -> 0.065872 | AF89: TRK_154_1 | AG89: 154/16:46 | AH89: =X89*8/1000000 -> 2.2351742e-13 | AI89: =V89*8/1000000 -> 23.144 | AL89: 25139:TRK_154_1:1 | AM89: 2025-154_17:01:01 | AN89: 21.04 | AO89: 21.04 | AP89: 21.04 | AQ89: =AQ88+AP89 -> 34.19
L90: 291/07:00 | M90: 295/05:40 | O90: 156/15:31 | P90: 156_1 | Q90: =R89-3 -> 5.9145435e+08 | R90: =((W90)/$W$9)+Q90 -> 5.917951e+08 | S90: =R90-Q90 -> 340753.65 | T90: =S90*$W$9 -> 1255375 | U90: 0 | V90: =T90+U90*$V$23 -> 1255375 | W90: =Y90*1000000/8 -> 1255375 | X90: =W90-V90 -> -1.0477379e-07 | Y90: =1.1*AN90 -> 10.043 | AB90: 1259168 | AC90: =AB90-W90 -> 3793 | AD90: =AC90*8/1000000 -> 0.030344 | AF90: TRK_156_1 | AG90: 156/15:31 | AH90: =X90*8/1000000 -> -8.3819032e-13 | AI90: =V90*8/1000000 -> 10.043 | AL90: 25139:TRK_156_1:1 | AM90: 2025-156_15:46:01 | AN90: 9.13 | AO90: 9.13 | AP90: 9.13 | AQ90: =AQ89+AP90 -> 43.32
L91: 295/05:40 | M91: 298/02:18 | O91: 157/16:31 | P91: 157_1 | Q91: =R90-3 -> 5.917951e+08 | R91: =((W91)/$W$9)+Q91 -> 5.9204217e+08 | S91: =R91-Q91 -> 247074.39 | T91: =S91*$W$9 -> 910250 | U91: 0 | V91: =T91+U91*$V$23 -> 910250 | W91: =Y91*1000000/8 -> 910250 | X91: =W91-V91 -> 7.8813173e-08 | Y91: =1.1*AN91 -> 7.282 | AB91: 915898 | AC91: =AB91-W91 -> 5648 | AD91: =AC91*8/1000000 -> 0.045184 | AF91: TRK_157_1 | AG91: 157/16:31 | AH91: =X91*8/1000000 -> 6.3050538e-13 | AI91: =V91*8/1000000 -> 7.282 | AL91: 25139:TRK_157_1_:1 | AM91: 2025-157_16:46:01 | AN91: 6.62 | AO91: 6.62 | AP91: 6.62 | AQ91: =AQ90+AP91 -> 49.94
L92: 298/02:18 | M92: 302/14:44 | O92: 159/21:26 | P92: 159_1 | Q92: =R91-3 -> 5.9204217e+08 | R92: =((W92)/$W$9)+Q92 -> 5.9243256e+08 | S92: =R92-Q92 -> 390392.46 | T92: =S92*$W$9 -> 1438250 | U92: 0 | V92: =T92+U92*$V$23 -> 1438250 | W92: =Y92*1000000/8 -> 1438250 | X92: =W92-V92 -> -7.962808e-08 | Y92: =1.1*AN92 -> 11.506 | Z92: =SUM(Y85:Y92) -> 66.44 | AB92: 1436041 | AC92: =AB92-W92 -> -2209 | AD92: =AC92*8/1000000 -> -0.017672 | AF92: TRK_159_1 | AG92: 159/21:26 | AH92: =X92*8/1000000 -> -6.3702464e-13 | AI92: =V92*8/1000000 -> 11.506 | AL92: 25139:TRK_159_1:1 | AM92: 2025-159_21:41:01 | AN92: 10.46 | AO92: 10.46 | AP92: 10.46 | AQ92: =AQ91+AP92 -> 60.4
P93: track | Q93: start met | R93: end met | S93: seconds | T93: calculated bytes | U93: power ons | V93: total calc bytes | W93: bytes avail | X93: difference | Y93: DLDV *1.1 | AD93: =SUM(AD85:AD92) -> -0.39334791
P94: RTC | Q94: =R92-3 -> 5.9243256e+08 | R94: =((W94)/$W$9)+Q94 -> 5.928832e+08 | S94: =R94-Q94 -> 450641.43 | T94: =S94*$W$9 -> 1660214 | U94: 0 | V94: =T94+U94*$V$23 -> 1660214 | W94: =982562+579837+100705-2890 -> 1660214 | X94: =W94-V94 -> -3.9115548e-08 | Y94: =W94*8/1000000 -> 13.281712 | Z94: pepssi_dt4? | AC94: Act – pred | AH94: =X94*8/1000000 -> -3.1292439e-13 | AI94: =V94*8/1000000 -> 13.281712
P104: 160 11:39:03 | Q104: 160 03:11:01 | R104: 611744576 | S104: 7 | T104: C&DH #1 | U104: TT 11 | V104: PEPSSI_LVPS_POWER CDBOTH ON | W104: Turn ON PEPSSI | X104: K2PE_PEPSSI_Macros_103_110_2025_160
P105: 160 12:18:03 | Q105: 160 03:50:01 | R105: 611746916 | S105: 0 | T105: PEPSI #1 | U105: TT 014 | V105: PEPSSI_MAC_RUN 103 MACRO=EXEC | X105: K2PE_PEPSSI_Macros_103_110_2025_160
P107: 161 00:34:03 | Q107: 160 16:06:01 | R107: 611791076 | S107: 0 | T107: PEPSI #1 | U107: DM 110 | V107: PEPSSI_MAC_LOOP_END MACRO=EXEC
P108: 161 00:34:03 | Q108: 160 16:06:01 | R108: 611791076 | S108: 0 | T108: PEPSI #1 | U108: DM 110 | V108: PEPSSI_MEM_STR_LOAD_1 PARAMS 4 1 MACRO=EXEC | W108: Output N2 Data to SSR
P109: 161 00:34:03 | Q109: 160 16:06:01 | R109: 611791076 | S109: 0 | T109: PEPSI #1 | U109: DM 110 | V109: PEPSSI_MAC_DELAY 43200 MACRO=EXEC | AB109: z
X110: pos means track undersubscribed (didn’t use all of dldv)
P111: 25159 | X111: neg means oversubscribed (used it up plus need more track time)
P112: track | Q112: start met | R112: end met | S112: seconds | T112: calculated bytes | U112: power ons | V112: total calc bytes | W112: bytes avail | X112: difference | AC112: Pos – act is greater
...

Sheet Sheet2
E11: pwr on | F11: pwr off | G11: data_type
E12: met1 | F12: met2
E13: met2 | F13: met3
E14: met4 | F14: met4

Sheet 2025_pb_2
M2: not played back swap | N2: 126 | O2: 159 | P2: =O2-N2 -> 33 | Q2: =P2*S6 -> 31.728378 | R2: RT2H => | S2: ='SWAP Data Volumns'!K108 -> 0.50566653
N3: 159 | O3: 181 | P3: =O3-N3 -> 22 | Q3: =P3*X6 -> 56.201821 | R3: RT1H=> | S3: ='SWAP Data Volumns'!K99 -> 0.80996711 | V3: =4.513307/V10 -> 0.92947581 | X3: =25/X6 -> 9.7861598
N4: 181 | O4: 218 | P4: =O4-N4 -> 37 | Q4: =P4*S6 -> 35.574242 | R4: RT30M => | S4: ='SWAP Data Volumns'!K90 -> 1.4028286 | W4: SWAP 2H | X4: ='SWAP Data Volumns'!K108 -> 0.50566653
L5: =66+90+23+164+28+5 -> 376 | M5: =16+18+66+90+23+164+33 -> 410 | Q5: =Q4+Q3+Q2 -> 123.50444 | R5: RT10M => | S5: ='SWAP Data Volumns'!K72 -> 3.695932
L6: =(51-44)*X6 -> 17.882397 | M6: =82+49+54+105+82+39 -> 411 | R6: Mbits/day | S6: 0.961466 | U6: Mbits/day | V6: =V9*8*86400/1000000 -> 2.640384 | W6: 2.546459 | X6: 2.5546282
L7: =(83-51)*X6 -> 81.748103 | M7: =87+161+205+666+18 -> 1137 | R7: Non-hibernatio | S7: RT = 30 MIN | U7: hibernation | V7: RT = 10 MIN | Z7: DT1 | AA7: DT2 | AB7: HSK3 | AC7: DT2 if 102 | AD7: DT3 | AE7: DT4
L8: =299+46+23+41 -> 409 | R8: swap gain by/s | S8: 14.778455 | T8: =T9*1.1 -> 0.40055257 | U8: swap gain by/s | V8: 14.778455 | W8: should be: | X8: latest: | Z8: N1 | AA8: N3 | AB8: Status | AC8: Buff Rates | AD8: N2 | AE8: Trig Assess | AF8: Mbits/d
N9: 125Mb/2.55Mb/d | O9: =125/X6 -> 48.930799 | Q9: 0.961466 | R9: swap bytes/s | S9: =S6*1000000/(8*86400) -> 1.3910098 | T9: =S9/V9 -> 0.3641387 | U9: swap bytes/s | V9: 3.82 | W9: =W6*1000000/(8*86400) -> 3.6841131 | X9: =X6*1000000/(8*86400) -> 3.695932 | Y9: total bps | Z9: bps | AA9: bps | AB9: bps | AC9: bps | AD9: bps | AE9: bps
N10: end of 25181 | O10: =347+49-365 -> 31 | S10: erroneously used in 96/118 | T10: MACRO 101 | U10: pepssi bytes/s | V10: =Y10/8 -> 4.8557552 | W10: w N2 + DT4 | X10: N1 = 120 | Y10: =SUM(Z10:AE10) -> 38.846042 | Z10: 16.566667 | AA10: 2.5244444 | AB10: 0.28444444 | AC10: 10.869792 | AD10: 5.8611111 | AE10: 2.7395833
M11: plus gain | N11: days pb 207 | O11: =(40-6)/X6 -> 13.309177 | S11: should have used for 96/118 | T11: MACRO 101 | U11: pepssi bytes/s | V11: =Y11/8 -> 4.5133073 | W11: w N2 no DT4 | X11: N1 = 120 | Y11: =SUM(Z11:AE11) -> 36.106458 | Z11: 16.566667 | AA11: 2.5244444 | AB11: 0.28444444 | AC11: 10.869792 | AD11: 5.8611111 | AF11: =Y11*86400/1000000 -> 3.119598
N12: =(83-45)*X6 -> 97.075872 | S12: 25159 | T12: MAC 103/110 | U12: pepssi bytes/s | V12: =Y12/8 -> 3.0903906 | W12: No N2/DT4 | X12: N1 = 180 | Y12: =SUM(Z12:AE12) -> 24.723125 | Z12: 11.044444 | AA12: 2.5244444 | AB12: 0.28444444 | AC12: 10.869792 | AF12: =Y12*86400/1000000 -> 2.136078
P13: ?? | S13: 25139 | T13: MACRO 101 | U13: pepssi bytes/s | V13: =Y13/8 -> 3.7806684 | W13: No N2/DT4 | X13: N1 = 120 | Y13: =SUM(Z13:AE13) -> 30.245347 | Z13: 16.566667 | AA13: 2.5244444 | AB13: 0.28444444 | AC13: 10.869792 | AF13: =Y13*86400/1000000 -> 2.613198
S14: 25159 | T14: MAC 103/110 | U14: pepssi bytes/s | V14: =Y14/8 -> 0.34244792 | W14: DT4 | X14: N1 = 180 | Y14: =SUM(Z14:AE14) -> 2.7395833 | AE14: 2.7395833 | AF14: =Y14*86400/1000000 -> 0.2367 | AG14: =AF14*21 -> 4.9707
S15: 25159 no macros | T15: ‘survey’ only | U15: pepssi bytes/s | V15: =Y15/8 -> 1.7316667 | W15: N1/N3/St | X15: N1 = 180 | Y15: =SUM(Z15:AE15) -> 13.853333 | Z15: 11.044444 | AA15: 2.5244444 | AB15: 0.28444444 | AF15: =Y15*86400/1000000 -> 1.196928
Q16: NO ==> not 120 | S16: 25181 no macros | T16: ‘survey’ only | U16: pepssi bytes/s | V16: =Y16/8 -> 2.4219444 | W16: N1/N3/St | X16: N1 = 120 | Y16: =SUM(Z16:AE16) -> 19.375556 | Z16: 16.566667 | AA16: 2.5244444 | AB16: 0.28444444 | AF16: =Y16*86400/1000000 -> 1.674048
Q17: n1/n2/st/ta | S17: 25181 | T17: MAC 103/105 | U17: pepssi bytes/s | V17: =Y17/8 -> 2.1248785 | W17: No N3/BuffR | X17: N1 = 180 | Y17: =SUM(Z17:AE17) -> 16.999028 | Z17: 11.044444 | AB17: 0.28444444 | AD17: 2.9305556 | AE17: 2.7395833 | AF17: =Y17*86400/1000000 -> 1.468716
Q18: n3/br | S18: 25181 | T18: MAC 103/105 | U18: pepssi bytes/s | V18: =Y18/8 -> 1.6742795 | W18: only N3/Buff | X18: N1 = 180 | Y18: =SUM(Z18:AE18) -> 13.394236 | AA18: 2.5244444 | AC18: 10.869792 | AF18: =Y18*86400/1000000 -> 1.157262
S19: 25181 | T19: MAC 103/105 | U19: pepssi bytes/s | V19: =Y19/8 -> 3.799158 | W19: all | X19: N1 = 180 | Y19: =SUM(Z19:AE19) -> 30.393264 | Z19: 11.044444 | AA19: 2.5244444 | AB19: 0.28444444 | AC19: 10.869792 | AD19: 2.9305556 | AE19: 2.7395833 | AF19: =Y19*86400/1000000 -> 2.625978
S20: 25159 | T20: MAC 103/110 | U20: pepssi bytes/s | V20: =Y20/8 -> 52.75 | W20: N2 only | X20: N1 = 180 | Y20: =SUM(Z20:AE20) -> 422 | AD20: 422 | AF20: =Y20*86400/1000000 -> 36.4608
Q21: n1/hsk3/n2,TA | T21: 25207 MAC 104/105 | U21: pepssi bytes/s | V21: =Y21/8 -> 1.7889844 | W21: N1/N2/TA/St | X21: N1=300 | Y21: =SUM(Z21:AE21) -> 14.311875 | Z21: 5.5222222 | AB21: 0.28444444 | AD21: 4.3958333 | AE21: 4.109375 | AF21: =Y21*86400/1000000 -> 1.236546
Q22: n3/br | T22: 26179 MAC 104/105 | U22: pepssi bytes/s | V22: =Y22/8 -> 4.5625304 | W22: n3/br | X22: N1 = 360 | Y22: =SUM(Z22:AE22) -> 36.500243 | AA22: 20.195556 | AC22: 16.304688 | AF22: =Y22*86400/1000000 -> 3.153621
Q23: U/D of v12 | S23: 25159 | T23: MAC 103/110 | U23: pepssi bytes/s | V23: =Y23/8 -> 3.2851736 | W23: No N2/DT4 | X23: N1 = 180 | Y23: =SUM(Z23:AE23) -> 26.281389 | Z23: 11.044444 | AA23: 2.765 | AB23: 0.28444444 | AC23: 12.1875 | AF23: =Y23*86400/1000000 -> 2.270712
Q24: U/D of v15 | S24: 25159 no macros | T24: ‘survey’ only | U24: pepssi bytes/s | V24: =Y24/8 -> 1.7617361 | W24: N1/N3/St | X24: N1 = 180 | Y24: =SUM(Z24:AE24) -> 14.093889 | Z24: 11.044444 | AA24: 2.765 | AB24: 0.28444444 | AF24: =Y24*86400/1000000 -> 1.217712
Q25: U/D of v14 | S25: 25159 | T25: MAC 103/110 | U25: pepssi bytes/s | V25: =Y25/8 -> 0.3671875 | W25: DT4 | X25: N1 = 180 | Y25: =SUM(Z25:AE25) -> 2.9375 | AE25: 2.9375 | AF25: =Y25*86400/1000000 -> 0.2538
Q26: U/D of v17 | R26: n1/n2/st/ta | S26: 25181 | T26: MAC 103/105 | U26: pepssi bytes/s | V26: =Y26/8 -> 2.1681366 | W26: No N3/BuffR | X26: N1 = 180 | Y26: =SUM(Z26:AE26) -> 17.345093 | Z26: 11.044444 | AB26: 0.28444444 | AD26: 3.0787037 | AE26: 2.9375 | AF26: =Y26*86400/1000000 -> 1.498616
Q27: U/D of v20 | S27: 25159 | T27: MAC 103/110 | U27: pepssi bytes/s | V27: =Y27/8 -> 55.416667 | W27: N2 only | X27: N1 = 180 | Y27: =SUM(Z27:AE27) -> 443.33333 | AD27: 443.33333 | AF27: =Y27*86400/1000000 -> 38.304
Q28: U/D of v18 | S28: 25181 | T28: MAC 103/105 | U28: pepssi bytes/s | V28: =Y28/8 -> 1.8690625 | W28: only N3/Buff | X28: N1 = 180 | Y28: =SUM(Z28:AE28) -> 14.9525 | AA28: 2.765 | AC28: 12.1875 | AF28: =Y28*86400/1000000 -> 1.291896
N29: =O29/1000000 -> 0.0091461812 | O29: =Y29*180 -> 9146.1812 | Q29: n1/n2/n3/st/ta | T29: 26179 MAC 104/105 | U29: pepssi bytes/s | V29: =Y29/8 -> 6.3515148 | W29: n1/n2/n3/st/ta | X29: N1 = 360 | Y29: =SUM(Z29:AE29) -> 50.812118 | Z29: 5.5222222 | AA29: 20.195556 | AB29: 0.28444444 | AC29: 16.304688 | AD29: 4.3958333 | AE29: 4.109375 | AF29: =Y29*86400/1000000 -> 4.390167
Q30: n1/n2/n3/st/ta | S30: 26201 | T30: MAC 103/109 | U30: pepssi bytes/s | V30: =Y30/8 -> 4.9404774 | W30: n1/n2/n3/st/ta | X30: 360/7200/1800 | Y30: =SUM(Z30:AE30) -> 39.523819 | Z30: 5.5222222 | AA30: 2.5244444 | AB30: 0.28444444 | AC30: 10.869792 | AD30: 17.583333 | AE30: 2.7395833 | AF30: =Y30*86400/1000000 -> 3.414858
Q31: ta only | S31: 26179 | T31: MAC 103/109 | U31: pepssi bytes/s | V31: =Y31/8 -> 0.34244792 | W31: n1/n2/n3/st/ta | X31: 360/7200/1800 | Y31: =SUM(Z31:AE31) -> 2.7395833 | AE31: 2.7395833 | AF31: =Y31*86400/1000000 -> 0.2367
Z32: DT1 | AA32: DT2 | AB32: HSK3 | AC32: DT2 if 102 | AD32: DT3 | AE32: DT4
U33: pwron bytes | V33: 197375 | Z33: N1 | AA33: N3 | AB33: Status | AC33: Buff Rates | AD33: N2 | AE33: Trig Assess | AF33: Mbits/d
P34: 097 00:46:28 | Q34: 096 16:15:01 | R34: 606262016 | S34: 8 | T34: C&DH #1 | U34: TT 12 | V34: SWAP_LVPS_POWER CDBOTH ON | W34: Turn ON SWAP | X34: K1SW_A4_SWAP_Daily_ON_096_1_power_on
O35: 25096 gain test | P35: 099 11:31:17 | Q35: 099 03:00:01 | R35: 606473516 | S35: 7 | T35: C&DH #1 | U35: TT 77 | V35: SWAP_LVPS_POWER CDBOTH ON | W35: Turn ON SWAP | X35: K1SW_A4_SWAP_GAIN_099_1
P36: 099 13:21:29 | Q36: 099 04:50:13 | R36: 606480128 | S36: 0 | T36: SWAP #1 | U36: TT 086 | V36: SWAP_TLM_HK_RATE 1H MACRO=EXEC | X36: K1SW_A4_SWAP_OFF_099__A4
P37: =R36-R35 -> 6612 | R37: 589335049 | S37: 589362052 | T37: =S37-R37 -> 27003 | U37: 110684 | V37: =U37/T37 -> 4.098952
M38: =(20+16/24)*38.9*86400/1000000 -> 69.45984 | P38: 099 13:54:49 | Q38: 099 05:23:33 | R38: 606482128 | S38: 1 | T38: C&DH #1 | U38: TT 87 | V38: SSR_LO_RCRD_SYNC SWAP_DT1 | X38: K1SW_A4_Refresh_All_099 | AD38: =11000000/500 -> 22000 | AE38: =AD38/3600 -> 6.1111111 | AG38: remaining
P39: 25096 | U39: =V33 -> 197375 | W39: Mbits/sec | X39: 2.70622e-05 | AB39: bytes using corrected rates | AE39: =11000000/500 -> 22000 | AF39: =AE39/3600 -> 6.1111111 | AH39: on track | AI39: Mbit dl
P40: track | Q40: start met | R40: end met | S40: seconds | T40: calculated bytes | U40: power ons | V40: total calc bytes | W40: bytes avail | X40: difference | AA40: pb report | AB40: calculated | AC40: actual Mbits | AD40: delta | AE40: delta | AH40: rel to S | AJ40: =AJ41+AJ43+AJ44 -> 31.701153
L41: 96/16:15 | M41: 99/03:01 | N41: pwron to gain | O41: 111/08:19 | P41: 111_1 | Q41: =R34-20 -> 606261996 | R41: =R35 -> 606473516 | S41: =R41-Q41 -> 211520 | T41: =S41*$V$9 -> 808006.4 | U41: 0 | V41: =T41+U41*$V$33 -> 808006.4 | W41: =Y41*1000000/8 -> 1085211.8 | X41: =W41-V41 -> 277205.35 | Y41: =8.681694 -> 8.681694 | AA41: 344216 | AB41: =S41*$S$9 -> 294226.4 | AC41: =AB41*8/1000000 -> 2.3538112 | AD41: =AB41+AB42 -> 1088101.4 | AE41: =AC41+AC42 -> 8.7048112 | AF41: TRK_111_1 | AG41: 111/08:19 | AH41: =X41*8/1000000 -> 2.2176428 | AI41: =V41*8/1000000 -> 6.4640512 | AJ41: 8.681694 | AK41: TRK_111_1 | AL41: 2025-111T08:34:01 | AM41: 0.80021 | AN41: 6 | AO41: 1.786772 | AP41: 0.986556 | AQ41: 8.681694
K42: gain test | L42: 99/03:01 | M42: 99/04:50 | N42: 5.58 | P42: 111_1 | Q42: =R41-1 -> 606473515 | R42: =R36 -> 606480128 | S42: =R42-Q42 -> 6613 | T42: =N42*1000000/8 -> 697500 | U42: 0 | V42: =T42+U42*$V$33 -> 697500 | W42: =X41 -> 277205.35 | X42: =W42-V42 -> -420294.65 | AA42: 677415 | AB42: =AC42*1000000/8 -> 793875 | AC42: 6.351 | AD42: =AB42+AB41-W41 -> 2889.6509 | AE42: =AC42+AC41-Y41 -> 0.023117207
K43: post gain | L43: 99/04:50 | M43: 103/21:12 | O43: 112/00:34 | P43: 112_1 | Q43: =R42-1 -> 606480127 | R43: =((W43)/$V$9)+Q43 -> 6.0688464e+08 | S43: =R43-Q43 -> 404514.65 | T43: =S43*$V$9 -> 1545246 | U43: 0 | V43: =T43+U43*$V$33 -> 1545246 | W43: =Y43*1000000/8+X42 -> 1545246 | X43: =W43-V43 -> -6.8917871e-08 | Y43: =AJ43 -> 15.724325 | AA43: 647088 | AB43: =S43*$S$9 -> 562683.86 | AC43: =AB43*8/1000000 -> 4.5014709 | AD43: =AB43-V43 -> -982562.11 | AE43: =AD43*8/1000000 -> -7.8604969 | AF43: =AK43 -> TRK_112_1 | AG43: 112/00:34 | AH43: =X43*8/1000000 -> -5.5134296e-13 | AI43: =V43*8/1000000 -> 12.361968 | AJ43: 15.724325 | AK43: TRK_112_1 | AL43: 2025-112T00:49:01 | AM43: 0.23065 | AN43: 6 | AO43: 2.017511 | AP43: 1.786855 | AQ43: 15.724325
L44: 103/21:12 | M44: 106/15:30 | O44: 112/18:29 | P44: 112_2 | Q44: =R43-1 -> 6.0688464e+08 | R44: =((W44)/$V$9)+Q44 -> 6.0712336e+08 | S44: =R44-Q44 -> 238715.12 | T44: =S44*$V$9 -> 911891.75 | U44: 0 | V44: =T44+U44*$V$33 -> 911891.75 | W44: =Y44*1000000/8 -> 911891.75 | X44: =W44-V44 -> -8.8126399e-08 | Y44: =AJ44 -> 7.295134 | AA44: 323548 | AB44: =S44*$S$9 -> 332055.08 | AC44: =AB44*8/1000000 -> 2.6564406 | AD44: =AB44-V44 -> -579836.67 | AE44: =AC44-Y44 -> -4.6386934 | AF44: =AK44 -> TRK_112_2 | AG44: 112/18:29 | AH44: =X44*8/1000000 -> -7.0501119e-13 | AI44: =V44*8/1000000 -> 7.295134 | AJ44: 7.295134 | AK44: TRK_112_2 | AL44: 2025-112T18:44:01 | AM44: 0.23528 | AN44: 2 | AO44: 1.064274 | AP44: 0.828992 | AQ44: 7.295134
AB45: Pos – act is greater
P46: 097 01:06:28 | Q46: 096 16:35:01 | R46: 606263216 | S46: 7 | T46: C&DH #1 | U46: TT 14 | V46: PEPSSI_LVPS_POWER CDBOTH ON | W46: Turn ON PEPSSI | X46: K2PE_PEPSSI_POWERON_Macro_101_2025_096 | AA46: pbrprt | AB46: Act – pred | AC46: mbits
A47: pwr on => | L47: 96/16:35 | M47: 99/20:14 | O47: 113/10:49 | P47: 113_1 | Q47: =R46-20 -> 606263196 | R47: =((W47-U47*$V$33)/$V$10)+Q47 -> 6.0653598e+08 | S47: =R47-Q47 -> 272779.99 | T47: =S47*$V$10 -> 1324552.9 | U47: 1 | V47: =T47+U47*$V$33 -> 1521927.9 | W47: =Y47*1000000/8 -> 1521927.9 | X47: =W47-V47 -> -2.7753413e-07 | Y47: =AJ47 -> 12.175423 | AA47: 1614636 | AB47: =AA47-T47 -> 290083.12 | AC47: =(AB47/8)/1000000 -> 0.036260391 | AF47: =AK47 -> TRK_113_1 | AG47: 113/10:49 | AH47: =X47*8/1000000 -> -2.220273e-12 | AI47: =V47*8/1000000 -> 12.175423 | AJ47: 12.175423 | AK47: TRK_113_1 | AL47: 2025-113T11:04:01 | AM47: 0.23605 | AN47: 6 | AO47: 1.619627 | AP47: 1.383571 | AQ47: 12.175423
L48: =M47 -> 99/20:14 | M48: 104/11:33 | O48: 114/04:39 | P48: 114_1 | Q48: =R47-1 -> 6.0653597e+08 | R48: =((W48-U48*$V$33)/$V$10)+Q48 -> 6.0693725e+08 | S48: =R48-Q48 -> 401274.55 | T48: =S48*$V$10 -> 1948491 | U48: 0 | V48: =T48+U48*$V$33 -> 1948491 | W48: =Y48*1000000/8 -> 1948491 | X48: =W48-V48 -> -2.6449561e-07 | Y48: =AJ48 -> 15.587928 | AA48: 2057144 | AB48: =AA48-T48 -> 108653 | AC48: =(AB48/8)/1000000 -> 0.013581625 | AF48: =AK48 -> TRK_114_1_ | AG48: 114/04:39 | AH48: =X48*8/1000000 -> -2.1159649e-12 | AI48: =V48*8/1000000 -> 15.587928 | AJ48: 15.587928 | AK48: TRK_114_1_ | AL48: 2025-114T04:54:01 | AM48: 0.40828 | AN48: 6 | AO48: 2.179641 | AP48: 1.771355 | AQ48: 15.587928
L49: =M48 -> 104/11:33 | M49: 107/02:56 | O49: 115/00:44 | P49: 115_1 | Q49: =R48-1 -> 6.0693725e+08 | R49: =((W49-U49*$V$33)/$V$10)+Q49 -> 6.0716573e+08 | S49: =R49-Q49 -> 228485.52 | T49: =S49*$V$10 -> 1109469.7 | U49: 0 | V49: =T49+U49*$V$33 -> 1109469.7 | W49: =Y49*1000000/8 -> 1109469.8 | X49: =W49-V49 -> 2.4074689e-07 | Y49: =AJ49 -> 8.875758 | AA49: 1157806 | AB49: =AA49-T49 -> 48336.25 | AC49: =(AB49/8)/1000000 -> 0.0060420313 | AF49: =AK49 -> TRK_115_1 | AG49: 115/00:44 | AH49: =X49*8/1000000 -> 1.9259751e-12 | AI49: =V49*8/1000000 -> 8.875758 | AJ49: 8.875758 | AK49: TRK_115_1 | AL49: 2025-115T00:59:01 | AM49: 0.25274 | AN49: 0 | AO49: 1.261349 | AP49: 1.008609 | AQ49: 8.875758
AJ50: =SUM(AJ47:AJ49) -> 36.639109
L51: 106/15:30 | M51: 107/14:27 | O51: 118/04:45 | P51: 118_1 | Q51: =R44-1 -> 6.0712335e+08 | R51: =((W51)/$V$9)+Q51 -> 6.0716481e+08 | S51: =R51-Q51 -> 41459.719 | T51: =S51*$V$9 -> 158376.13 | U51: 0 | V51: =T51+U51*$V$33 -> 158376.13 | W51: =Y51*1000000/8 -> 158376.12 | X51: =W51-V51 -> -2.1932647e-07 | Y51: =AJ51 -> 1.267009 | AB51: =S51*$S$9 -> 57670.876 | AC51: =AB51*8/1000000 -> 0.46136701 | AD51: =AB51-V51 -> -100705.25 | AE51: =AC51-Y51 -> -0.80564199 | AF51: =AK51 -> TRK_118_1 | AG51: 118/04:45 | AH51: =X51*8/1000000 -> -1.7546117e-12 | AI51: =V51*8/1000000 -> 1.267009 | AJ51: 1.267009 | AK51: TRK_118_1 | AL51: 2025-118T05:00:01 | AM51: 0.65856 | AN51: 2 | AO51: 0.80254 | AP51: 0.143978 | AQ51: 1.267009
M52: 107/03:01 | Y52: =SUM(Y41:Y51) -> 69.607271 | AB52: =AC51+AC44+AC43+AC42+AC41 -> 16.32409
Y53: =Y51+Y44+Y43+Y41 -> 32.968162 | Z53: =Y49+Y48+Y47 -> 36.639109 | AB53: swap actual
Y54: swap | Z54: pepssi | AK54: 25118:TRK_119_1:1 | AL54: 2025-119_00:25:01 | AM54: 14.73 | AN54: -5.43 | AO54: -5.43 | AR54: 16.2
L55: alice says they got 3132176 bytes of PEPSSI_DT4 0x068A. | AK55: 25118:TRK_119_2_:1 | AL55: 2025-119_17:15:01 | AM55: 3.7 | AN55: 3.7 | AO55: -1.73 | AR55: 4.07
L56: they think it’s about half. | AK56: 25118:TRK_120_1:1 | AL56: 2025-120_03:05:01 | AM56: 4.31 | AN56: -2.41 | AO56: -4.14 | AR56: 4.74
AK57: 25118:TRK_121_1:1 | AL57: 2025-121_10:30:01 | AM57: 4.42 | AN57: 1.46 | AO57: -2.68 | AR57: 4.87
P58: 118 15:41:37 | Q58: 118 07:11:47 | R58: 608130222 | S58: 1 | T58: C&DH #1 | U58: TT 435 | V58: SSR_LO_RCRD_SYNC PEPSSI_DT4 | X58: K2PE_PEPSSI_POWEROFF_2025_118 | AK58: 25118:TRK_121_2:1 | AL58: 2025-121_18:05:01 | AM58: 11.87 | AN58: 9.11 | AO58: 6.43 | AP58: =AO58 -> 6.43 | AR58: 13.04
X59: pos means track undersubscribed (didn’t use all of dldv) | AK59: 25118:TRK_122_1_:1 | AL59: 2025-122_07:35:01 | AM59: 11.16 | AN59: 11.16 | AO59: 11.16 | AP59: =AP58+AO59 -> 17.59 | AR59: 12.28
X60: neg means oversubscribed | AL60: 25118:TRK_124_1:1 | AM60: 2025-124_20:00:01 | AN60: 0 | AO60: 0 | AP60: 0
P61: 25118 | U61: =Q50 -> 0 | AH61: rem on trk | AI61: Mbit dl | AL61: 25118:TRK_126_1_:1 | AM61: 2025-126_01:00:01 | AN61: 0 | AO61: 0 | AP61: 0
P62: track | Q62: start met | R62: end met | S62: seconds | T62: calculated bytes | U62: power ons | V62: total calc bytes | W62: bytes avail | X62: difference | AA62: calculated | AB62: actual Mbits | AC62: delta bytes | AD62: delta mbits | AH62: rel to S | AL62: 25118:TRK_126_3:1 | AM62: 2025-126_17:45:01 | AN62: 3.19 | AO62: 3.19 | AP62: 3.19 | AQ62: =AP59+AP62 -> 20.78 | AS62: 3.5
P63: 116 08:23:06 | Q63: 115 23:53:06 | R63: 607931101 | S63: 1 | T63: C&DH #1 | U63: TT 397 | V63: SSR_LO_RCRD_SYNC SWAP_DT1 | X63: K1SW_A4_SWAP_OFF_115__A4_before_thermal_test | AL63: 25118:TRK_127_1:1 | AM63: 2025-127_03:55:01 | AN63: 6.36 | AO63: 6.36 | AP63: 6.36 | AQ63: =AQ62+AP63 -> 27.14 | AS63: 6.99
L64: 107/03:02 | M64: 115/23:53 | N64: to pwr off 115/23:53 | P64: 121_2 | Q64: =R51-1 -> 6.0716481e+08 | R64: =R63+20 -> 607931121 | S64: =R64-Q64 -> 766307.51 | T64: =S64*$V$9 -> 2927294.7 | U64: 0 | V64: =T64+U64*$V$33 -> 2927294.7 | W64: =Y64*1000000/8 -> 2857250 | X64: =W64-V64 -> -70044.69 | Y64: =1.1*(AO58+AO59+AP62) -> 22.858 | Z64: Thru 127_2 | AA64: =S64*$S$9 -> 1065941.3 | AB64: =AA64*8/1000000 -> 8.5275303 | AC64: =AA64-V64 -> -1861353.4 | AD64: =AB64-Y64 -> -14.33047 | AF64: TRK_121_2 | AG64: 121/17:51 | AH64: =X64*8/1000000 -> -0.56035752 | AI64: =V64*8/1000000 -> 23.418358 | AL64: 25118:TRK_127_2:1 | AM64: 2025-128_02:10:01 | AN64: 8.57 | AO64: 8.57 | AP64: 8.57 | AQ64: =AQ63+AP64 -> 35.71 | AS64: 9.43
C65: mac1 | D65: mac2 | E65: HSK3 | F65: DT1 | G65: DT2 | H65: DT3 | I65: DT4 | J65: SDT1 | P65: 116 08:26:47 | Q65: 115 23:56:47 | R65: 607931322 | S65: 1 | T65: C&DH #1 | U65: TT 397 | V65: SSR_LO_RCRD_SYNC PEPSSI_DT4 | X65: K2PE_PEPSSI_POWEROFF_2025_115 | AL65: 25118:TRK_129_2_:1 | AM65: 2025-129_17:25:01 | AN65: 0 | AO65: 0 | AP65: 0
B66: 102 | C66: 101 | E66: HSK3 | F66: DT1 | G66: DT2 | H66: DT3 | L66: 107/02:56 | M66: 115/23:56 | N66: to pwr off 115/23:56 | P66: 126_3 | Q66: =R49-1 -> 6.0716573e+08 | R66: =R65+20 -> 607931342 | S66: =R66-Q66 -> 765608.93 | T66: =S66*$V$10 -> 3717609.6 | U66: 0 | V66: =T66+U66*$V$33 -> 3717609.6 | W66: =Y66*1000000/8+X64 -> 5179705.3 | X66: =W66-V66 -> 1462095.7 | Y66: =1.1*(AP63+AP64+AP69+AP70) -> 41.998 | Z66: Thru 134_2 | AA66: 1654428 | AB66: =AA66-T66 -> -2063181.6 | AC66: =(AB66/8)/1000000 -> -0.2578977 | AF66: TRK_126_3 | AG66: 126/17:30 | AH66: =X66*8/1000000 -> 11.696766 | AI66: =V66*8/1000000 -> 29.740877 | AL66: 25118:TRK_131_2:1 | AM66: 2025-131_18:06:01 | AN66: 0 | AO66: 0 | AP66: 0
P67: 116 16:44:59 | Q67: 116 08:15:01 | R67: 607961216 | S67: 7 | T67: C&DH #1 | U67: TT 401 | V67: PEPSSI_LVPS_POWER CDBOTH ON | W67: Turn ON PEPSSI | X67: K2PE_PEPSSI_POWERON_Macro_101_2025_116 | AL67: 25118:TRK_132_2:1 | AM67: 2025-132_23:31:01 | AN67: 0 | AO67: 0 | AP67: 0
B68: 102 | C68: 101 | E68: HSK3 | F68: DT1 | G68: DT2 | H68: DT3 | L68: 116/0814 | M68: 119/07:51 | N68: pwr on 116/0815 to | P68: 126_3 | Q68: =R67-20 -> 607961196 | R68: =((W68-U68*$V$33)/$V$10)+Q68 -> 6.0822165e+08 | S68: =R68-Q68 -> 260458.09 | T68: =S68*$V$10 -> 1264720.7 | U68: 1 | V68: =T68+U68*$V$33 -> 1462095.7 | W68: =X66 -> 1462095.7 | X68: =W68-V68 -> 8.2654878e-08 | Y68: underscubribed just by 15min | AA68: 334035 | AB68: =AA68-T68 -> -930685.74 | AC68: =(AB68/8)/1000000 -> -0.11633572 | AF68: =15*60*4.8624 -> 4376.16 | AG68: bytes | AH68: =X68*8/1000000 -> 6.6123903e-13 | AI68: =V68*8/1000000 -> 11.696766 | AL68: 25118:TRK_133_1:1 | AM68: 2025-133_17:26:01 | AN68: 0 | AO68: 0 | AP68: 0
L69: forgot pwr off at | M69: 118/07:11:47 | N69: only 15m undersubscribed | P69: 116 16:37:00 | Q69: 116 08:07:02 | R69: 607960737 | S69: 7 | T69: C&DH #1 | U69: TT 400 | V69: SWAP_LVPS_POWER CDBOTH ON | W69: Turn ON SWAP | X69: K1SW_A4_SWAP_Daily_ON_116_1_end_thermal_test | AL69: 25118:TRK_134_1:1 | AM69: 2025-134_02:31:01 | AN69: 6.03 | AO69: 6.03 | AP69: 6.03 | AQ69: =AQ64+AP69 -> 41.74 | AS69: 6.63
L70: 116/0806 | M70: 122/2353 | N70: pwron to pwroff 122/2345 | P70: 135_1 | Q70: =R69-20 -> 607960717 | R70: =R72+20 -> 608535921 | S70: =R70-Q70 -> 575204 | T70: =S70*$V$9 -> 2197279.3 | U70: 0 | V70: =T70+U70*$V$33 -> 2197279.3 | W70: =Y70*1000000/8 -> 3121250 | X70: =W70-V70 -> 923970.72 | Y70: =1.1*(AP71+AP72+AP73) -> 24.97 | Z70: Thru 138_1 | AA70: =S70*$S$9 -> 800114.42 | AB70: =AA70*8/1000000 -> 6.4009154 | AC70: =AA70-V70 -> -1397164.9 | AD70: =AB70-Y70 -> -18.569085 | AF70: TRK_134_2 | AG70: 134/02:16:07 | AH70: =X70*8/1000000 -> 7.3917658 | AI70: =V70*8/1000000 -> 17.578234 | AL70: 25118:TRK_134_2_:1 | AM70: 2025-134_18:46:01 | AN70: 17.22 | AO70: 17.22 | AP70: 17.22 | AQ70: =AQ69+AP70 -> 58.96 | AS70: 18.94
O71: pwr off previous time | P71: 124 08:22:33 | Q71: 123 23:53:06 | R71: 608622301 | S71: 1 | T71: C&DH #1 | U71: TT 142 | V71: SSR_LO_RCRD_SYNC SWAP_DT1 | X71: K2SW_A4_SWAP_Off_123_before_thermal_test | Y71: =(Y70+Y66+Y64)*0.9 -> 80.8434 | AL71: 25118:TRK_135_1:1 | AM71: 2025-135_18:16:01 | AN71: 8.78 | AO71: 8.78 | AP71: 8.78 | AQ71: =AQ70+AP71 -> 67.74 | AS71: 9.66
O72: Moved 1 day earlier | P72: 123 08:22:33 | Q72: 122 23:53:06 | R72: =R71-86400 -> 608535901 | S72: 1 | T72: C&DH #1 | U72: TT 142 | V72: SSR_LO_RCRD_SYNC SWAP_DT1 | X72: K2SW_A4_SWAP_Off_123_before_thermal_test | AL72: 25118:TRK_136_1:1 | AM72: 2025-136_03:16:01 | AN72: 6.38 | AO72: 6.38 | AP72: 6.38 | AQ72: =AQ71+AP72 -> 74.12 | AS72: 7.01
O73: pwr on previou time | P73: 124 16:36:27 | Q73: 124 08:07:01 | R73: 608651936 | S73: 7 | T73: C&DH #1 | U73: TT 144 | V73: SWAP_LVPS_POWER CDBOTH ON | W73: Turn ON SWAP | X73: K1SW_A4_SWAP_Daily_ON_124_1_end_thermal_test | AL73: 25118:TRK_138_1:1 | AM73: 2025-138_17:31:01 | AN73: 7.54 | AO73: 7.54 | AP73: 7.54 | AQ73: =AQ72+AP73 -> 81.66 | AR73: =AQ73/2 -> 40.83 | AS73: 8.3
O74: Moved 1 day earlier | P74: 124 16:36:27 | Q74: 123 08:07:01 | R74: =R73-86400 -> 608565536 | S74: 7 | T74: C&DH #1 | U74: TT 144 | V74: SWAP_LVPS_POWER CDBOTH ON | W74: Turn ON SWAP | X74: K1SW_A4_SWAP_Daily_ON_124_1_end_thermal_test
L75: 25-123/0807 | M75: 126/0318 | N75: pwr on 123/0807 | P75: 135_1 | Q75: =R74-20 -> 608565516 | R75: =((W75)/$V$9)+Q75 -> 6.0880739e+08 | S75: =R75-Q75 -> 241877.15 | T75: =S75*$V$9 -> 923970.72 | U75: 0 | V75: =T75+U75*$V$33 -> 923970.72 | W75: =X70 -> 923970.72 | X75: =W75-V75 -> -1.6298145e-09 | Y75: =SUM(Y64:Y70) -> 89.826 | AA75: =S75*$S$9 -> 336453.5 | AB75: =AA75*8/1000000 -> 2.691628 | AC75: =AA75-V75 -> -587517.22 | AD75: =AB75-Y75 -> -87.134372 | AG75: 134/02:16:12 | AH75: =X75*8/1000000 -> -1.3038516e-14 | AI75: =V75*8/1000000 -> 7.3917658
Z76: =Y66 -> 41.998 | AB76: =AB75+AB70+AB64 -> 17.620074
X77: pos means track undersubscribed (didn’t use all of dldv) | AB77: swap actual
P78: I missed this power off in 25118 playback, but it was only 15 min undersubscribed. | X78: neg means oversubscribed (used it up plus need more track time)
P79: 118 15:41:37 | Q79: 118 07:11:47 | R79: 608130222 | S79: 1 | T79: C&DH #1 | U79: TT 435 | V79: SSR_LO_RCRD_SYNC PEPSSI_DT4 | X79: K2PE_PEPSSI_POWEROFF_2025_118
P80: 118 15:54:51 | Q80: 118 07:25:01 | R80: 608131016 | S80: 7 | T80: C&DH #1 | U80: TT 10 | V80: PEPSSI_LVPS_POWER CDBOTH ON | W80: Turn ON PEPSSI | X80: K2PE_PEPSSI_POWERON_Macro_101_2025_118
P81: 25139 | AC81: Pos – act is greater
L82: assumes rate if +dt4 but didn’t cmd dt4, still worked out | P82: track | Q82: start met | R82: end met | S82: seconds | T82: calculated bytes | U82: power ons | V82: total calc bytes | W82: bytes avail | X82: difference | AB82: pbrprt | AC82: Act – pred | AD82: mbits
C83: mac1 | D83: mac2 | E83: HSK3 | F83: DT1 | G83: DT2 | H83: DT3 | I83: DT4 | J83: SDT1 | L83: this picks up where pb left off in 25118 | P83: 123 08:26:18 | Q83: 122 23:56:47 | R83: 608536122 | S83: 1 | T83: C&DH #1 | U83: TT 88 | V83: SSR_LO_RCRD_SYNC PEPSSI_DT4 | X83: K2PE_PEPSSI_POWEROFF_2025_123 | AH83: leftover | AI83: Mbit dl | AL83: Load:Name:SSR | AM83: StartUTC | AN83: Capacity | AO83: Balance | AP83: RunTotal
B84: 102 | C84: 101 | E84: HSK3 | F84: DT1 | G84: DT2 | H84: DT3 | L84: 119/07:51 | M84: 122/23:57 | N84: pwr off | O84: 139/19:46 | P84: 139_1 | Q84: =R68-1 -> 6.0822165e+08 | R84: =R83+20 -> 608536142 | S84: =R84-Q84 -> 314488.91 | T84: =S84*$V$10 -> 1527081.1 | U84: 1 | V84: =T84+U84*$V$33 -> 1724456.1 | W84: =Y84*1000000/8 -> 2076250 | X84: =W84-V84 -> 351793.85 | Y84: =1.1*AN84 -> 16.61 | AB84: 1612718 | AC84: =AB84-V84 -> -111738.15 | AD84: =AC84*8/1000000 -> -0.8939052 | AE84: =AC84/AB84 -> -0.06928561 | AF84: TRK_139_1 | AG84: 139/19:46 | AH84: =X84*8/1000000 -> 2.8143508 | AI84: =V84*8/1000000 -> 13.795649 | AL84: 25139:TRK_139_1_:1 | AM84: 2025-139_20:01:01 | AN84: 15.1 | AO84: 15.1 | AP84: 15.1 | AQ84: =AP84 -> 15.1
P85: 123 16:44:32 | Q85: 123 08:15:02 | R85: 608566017 | S85: 7 | T85: C&DH #1 | U85: TT 92 | V85: PEPSSI_LVPS_POWER CDBOTH ON | W85: Turn ON PEPSSI | X85: K2PE_PEPSSI_POWERON_Macro_101_2025_124
A86: pwr on => | B86: 102 | C86: 101 | E86: HSK3 | F86: DT1 | G86: DT2 | H86: DT3 | L86: 123/08:15 | M86: 123/16:13 | O86: 139/19:46 | P86: 139_1 | Q86: =R85+20 -> 608566037 | R86: =((W86-U86*$V$33)/$V$10)+Q86 -> 6.0859784e+08 | S86: =R86-Q86 -> 31801.202 | T86: =S86*$V$10 -> 154418.85 | U86: 1 | V86: =T86+U86*$V$33 -> 351793.85 | W86: =X84 -> 351793.85 | X86: =W86-V86 -> 1.3102544e-07 | AB86: 334134 | AC86: =AB86-V86 -> -17659.85 | AD86: =AC86*8/1000000 -> -0.1412788 | AE86: =AC86/AB86 -> -0.052852599 | AF86: TRK_139_1 | AG86: 139/19:46 | AH86: =X86*8/1000000 -> 1.0482036e-12 | AI86: =V86*8/1000000 -> 2.8143508
B87: 102 | C87: 101 | E87: HSK3 | F87: DT1 | G87: DT2 | H87: DT3 | L87: 123/16:13 | M87: 126/02:10 | O87: 140/17:01 | P87: 140_1 | Q87: =R86-1 -> 6.0859784e+08 | R87: =((W87-U87*$V$33)/$V$10)+Q87 -> 6.0880682e+08 | S87: =R87-Q87 -> 208978.82 | T87: =S87*$V$10 -> 1014750 | U87: 0 | V87: =T87+U87*$V$33 -> 1014750 | W87: =Y87*1000000/8 -> 1014750 | X87: =W87-V87 -> -8.0326572e-08 | Y87: =1.1*AN87 -> 8.118 | AB87: 1116266 | AC87: =AB87-V87 -> 101516 | AD87: =AC87*8/1000000 -> 0.812128 | AE87: =AC87/AB87 -> 0.090942481 | AF87: TRK_140_1 | AG87: 140/17:01 | AH87: =X87*8/1000000 -> -6.4261258e-13 | AI87: =V87*8/1000000 -> 8.118 | AL87: 25139:TRK_140_1:1 | AM87: 2025-140_17:16:01 | AN87: 7.38 | AO87: 7.38 | AP87: 7.38 | AQ87: =AQ84+AP87 -> 22.48
B88: 102 | C88: 101 | E88: HSK3 | F88: DT1 | G88: DT2 | H88: DT3 | L88: 126/02:10 | M88: 127/22:57 | O88: 141/02:56 | P88: 141_1 | Q88: =R87-1 -> 6.0880682e+08 | R88: =((W88-U88*$V$33)/$V$10)+Q88 -> 6.0896822e+08 | S88: =R88-Q88 -> 161406.41 | T88: =S88*$V$10 -> 783750 | U88: 0 | V88: =T88+U88*$V$33 -> 783750 | W88: =Y88*1000000/8 -> 783750 | X88: =W88-V88 -> -7.1362592e-08 | Y88: =1.1*AN88 -> 6.27 | AB88: 862324 | AC88: =AB88-V88 -> 78574 | AD88: =AC88*8/1000000 -> 0.628592 | AE88: =AC88/AB88 -> 0.091118883 | AF88: TRK_141_1 | AG88: 141/02:56 | AH88: =X88*8/1000000 -> -5.7090074e-13 | AI88: =V88*8/1000000 -> 6.27 | AL88: 25139:TRK_141_1:1 | AM88: 2025-141_03:11:01 | AN88: 5.7 | AO88: 5.7 | AP88: 5.7 | AQ88: =AQ87+AP88 -> 28.18
B89: 102 | C89: 101 | E89: HSK3 | F89: DT1 | G89: DT2 | H89: DT3 | L89: 127/22:57 | M89: 129/17:05 | O89: 142/01:01 | P89: 142_1 | Q89: =R88-1 -> 6.0896822e+08 | R89: =((W89-U89*$V$33)/$V$10)+Q89 -> 6.0924204e+08 | S89: =R89-Q89 -> 273824.55 | T89: =S89*$V$10 -> 1329625 | U89: 0 | V89: =T89+U89*$V$33 -> 1329625 | W89: =Y89*1000000/8 -> 1329625 | X89: =W89-V89 -> -1.6530976e-08 | Y89: =1.1*AN89 -> 10.637 | AB89: 1414898 | AC89: =AB89-V89 -> 85273 | AD89: =AC89*8/1000000 -> 0.682184 | AE89: =AC89/AB89 -> 0.060267949 | AF89: TRK_142_1 | AG89: 142/01:01 | AH89: =X89*8/1000000 -> -1.3224781e-13 | AI89: =V89*8/1000000 -> 10.637 | AL89: 25139:TRK_142_1:1 | AM89: 2025-142_01:16:01 | AN89: 9.67 | AO89: 9.67 | AP89: 9.67 | AQ89: =AQ88+AP89 -> 37.85
B90: 102 | C90: 101 | E90: HSK3 | F90: DT1 | G90: DT2 | H90: DT3 | L90: 129/17:05 | M90: 133/04:28 | O90: 142/18:31 | P90: 142_2 | Q90: =R89-1 -> 6.0924204e+08 | R90: =((W90-U90*$V$33)/$V$10)+Q90 -> 6.0942072e+08 | S90: =R90-Q90 -> 178679.72 | T90: =S90*$V$10 -> 867625 | U90: 0 | V90: =T90+U90*$V$33 -> 867625 | W90: =Y90*1000000/8 -> 867625 | X90: =W90-V90 -> 1.1641532e-09 | Y90: =1.1*AN90 -> 6.941 | AB90: 924952 | AC90: =AB90-V90 -> 57327 | AD90: =AC90*8/1000000 -> 0.458616 | AE90: =AC90/AB90 -> 0.061978351 | AF90: TRK_142_2 | AG90: 142/18:31 | AH90: =X90*8/1000000 -> 9.3132257e-15 | AI90: =V90*8/1000000 -> 6.941 | AL90: 25139:TRK_142_2:1 | AM90: 2025-142_18:46:01 | AN90: 6.31 | AO90: 6.31 | AP90: 6.31 | AQ90: =AQ89+AP90 -> 44.16
B91: 102 | C91: 101 | E91: HSK3 | F91: DT1 | G91: DT2 | H91: DT3 | L91: 133/04:28 | M91: 135/13:16 | O91: 144/01:16 | P91: 144_1 | Q91: =R90-1 -> 6.0942072e+08 | R91: =((W91-U91*$V$33)/$V$10)+Q91 -> 6.0962545e+08 | S91: =R91-Q91 -> 204731.28 | T91: =S91*$V$10 -> 994125 | U91: 0 | V91: =T91+U91*$V$33 -> 994125 | W91: =Y91*1000000/8 -> 994125 | X91: =W91-V91 -> 2.7206261e-07 | Y91: =1.1*AN91 -> 7.953 | Z91: =SUM(Y84:Y91) -> 56.529 | AB91: 1063706 | AC91: =AB91-V91 -> 69581 | AD91: =AC91*8/1000000 -> 0.556648 | AE91: =AC91/AB91 -> 0.065413752 | AF91: TRK_144_1 | AG91: 144/01:16 | AH91: =X91*8/1000000 -> 2.1765009e-12 | AI91: =V91*8/1000000 -> 7.953 | AL91: 25139:TRK_144_1_:1 | AM91: 2025-144_01:31:01 | AN91: 7.23 | AO91: 7.23 | AP91: 7.23 | AQ91: =AQ90+AP91 -> 51.39
V92: =23*0.96 -> 22.08 | W92: =86400*V92 -> 1907712 | Z92: =Y82 -> 0 | AB92: =AB91+AB86+AB80 -> 1397840 | AD92: =SUM(AD84:AD91) -> 2.102984
O93: Last met played back in 24267: | Q93: 590138632
M94: pickup from 24267 | P94: 277 04:56:00 | Q94: 276 20:38:05 | R94: 590207401 | S94: 1 | T94: C&DH #1 | U94: TT 246 | V94: SSR_LO_RCRD_SYNC SWAP_DT1 | X94: K2SW_A4_SWAP_Off_276
L95: 24-276/01:32 | M95: 276/20:38 | N95: pwr off | O95: 153/15:36 | P95: 153_1 | Q95: =Q93-3 -> 590138629 | R95: =R94+20 -> 590207421 | S95: =R95-Q95 -> 68792 | T95: =S95*$W$9 -> 253437.51 | U95: 0 | V95: =T95+U95*$W$9 -> 253437.51 | W95: =Y95*1000000/8 -> 396000 | X95: =W95-V95 -> 142562.49 | Y95: =1.1*AN95 -> 3.168 | AB95: 283727 | AC95: =AB95-W95 -> -112273 | AD95: =AC95*8/1000000 -> -0.898184 | AF95: TRK_153_1 | AG95: 153/15:36 | AH95: =X95*8/1000000 -> 1.1404999 | AI95: =V95*8/1000000 -> 2.0275001 | AL95: 25139:TRK_153_1_:1 | AM95: 2025-153_15:51:01 | AN95: 2.88 | AO95: 2.88 | AP95: 2.88 | AQ95: =AP95 -> 2.88
P96: 277 15:58:00 | Q96: 277 07:40:00 | R96: 590247116 | S96: 7 | T96: C&DH #1 | U96: TT 267 | V96: SWAP_LVPS_POWER CDBOTH ON | W96: Turn ON SWAP | X96: K2SW_A4_SWAP_On_To_Med_277
A97: pwr on => | L97: 277/07:40 | M97: 277/18:25 | N97: hib 24/25 | O97: 153/15:36 | P97: 153_1 | Q97: =R96-20 -> 590247096 | R97: =((W97)/$W$9)+Q97 -> 5.9028579e+08 | S97: =R97-Q97 -> 38696.556 | T97: =S97*$W$9 -> 142562.49 | U97: 0 | V97: =T97+U97*$V$33 -> 142562.49 | W97: =X95 -> 142562.49 | X97: =W97-V97 -> 1.0061194e-07 | AB97: 191209 | AC97: =AB97-W97 -> 48646.511 | AD97: =AC97*8/1000000 -> 0.38917209 | AH97: =X97*8/1000000 -> 8.0489554e-13 | AI97: =V97*8/1000000 -> 1.1404999
L98: 277/18:25 | M98: 283/04:53 | O98: 153/23:16 | P98: 153_2 | Q98: =R97-3 -> 5.9028579e+08 | R98: =((W98)/$W$9)+Q98 -> 5.9066909e+08 | S98: =R98-Q98 -> 383301.2 | T98: =S98*$W$9 -> 1412125 | U98: 0 | V98: =T98+U98*$V$33 -> 1412125 | W98: =Y98*1000000/8 -> 1412125 | X98: =W98-V98 -> -8.3586201e-08 | Y98: =1.1*AN98 -> 11.297 | AB98: 1411117 | AC98: =AB98-W98 -> -1008 | AD98: =AC98*8/1000000 -> -0.008064 | AF98: TRK_153_2 | AG98: 153/23:16 | AH98: =X98*8/1000000 -> -6.6868961e-13 | AI98: =V98*8/1000000 -> 11.297 | AL98: 25139:TRK_153_2:1 | AM98: 2025-153_23:31:01 | AN98: 10.27 | AO98: 10.27 | AP98: 10.27 | AQ98: =AQ95+AP98 -> 13.15
L99: 283/04:53 | M99: 291/07:00 | O99: 154/16:46 | P99: 154_1 | Q99: =R98-3 -> 5.9066909e+08 | R99: =((W99)/$W$9)+Q99 -> 5.9145435e+08 | S99: =R99-Q99 -> 785263.62 | T99: =S99*$W$9 -> 2893000 | U99: 0 | V99: =T99+U99*$V$33 -> 2893000 | W99: =Y99*1000000/8 -> 2893000 | X99: =W99-V99 -> 2.7939677e-08 | Y99: =1.1*AN99 -> 23.144 | AB99: 2901234 | AC99: =AB99-W99 -> 8234 | AD99: =AC99*8/1000000 -> 0.065872 | AF99: TRK_154_1 | AG99: 154/16:46 | AH99: =X99*8/1000000 -> 2.2351742e-13 | AI99: =V99*8/1000000 -> 23.144 | AL99: 25139:TRK_154_1:1 | AM99: 2025-154_17:01:01 | AN99: 21.04 | AO99: 21.04 | AP99: 21.04 | AQ99: =AQ98+AP99 -> 34.19
L100: 291/07:00 | M100: 295/05:40 | O100: 156/15:31 | P100: 156_1 | Q100: =R99-3 -> 5.9145435e+08 | R100: =((W100)/$W$9)+Q100 -> 5.917951e+08 | S100: =R100-Q100 -> 340753.65 | T100: =S100*$W$9 -> 1255375 | U100: 0 | V100: =T100+U100*$V$33 -> 1255375 | W100: =Y100*1000000/8 -> 1255375 | X100: =W100-V100 -> -1.0477379e-07 | Y100: =1.1*AN100 -> 10.043 | AB100: 1259168 | AC100: =AB100-W100 -> 3793 | AD100: =AC100*8/1000000 -> 0.030344 | AF100: TRK_156_1 | AG100: 156/15:31 | AH100: =X100*8/1000000 -> -8.3819032e-13 | AI100: =V100*8/1000000 -> 10.043 | AL100: 25139:TRK_156_1:1 | AM100: 2025-156_15:46:01 | AN100: 9.13 | AO100: 9.13 | AP100: 9.13 | AQ100: =AQ99+AP100 -> 43.32
L101: 295/05:40 | M101: 298/02:18 | O101: 157/16:31 | P101: 157_1 | Q101: =R100-3 -> 5.917951e+08 | R101: =((W101)/$W$9)+Q101 -> 5.9204217e+08 | S101: =R101-Q101 -> 247074.39 | T101: =S101*$W$9 -> 910250 | U101: 0 | V101: =T101+U101*$V$33 -> 910250 | W101: =Y101*1000000/8 -> 910250 | X101: =W101-V101 -> 7.8813173e-08 | Y101: =1.1*AN101 -> 7.282 | AB101: 915898 | AC101: =AB101-W101 -> 5648 | AD101: =AC101*8/1000000 -> 0.045184 | AF101: TRK_157_1 | AG101: 157/16:31 | AH101: =X101*8/1000000 -> 6.3050538e-13 | AI101: =V101*8/1000000 -> 7.282 | AL101: 25139:TRK_157_1_:1 | AM101: 2025-157_16:46:01 | AN101: 6.62 | AO101: 6.62 | AP101: 6.62 | AQ101: =AQ100+AP101 -> 49.94
...

Sheet calculations
B3: alice spinning pixellist
A4: =G9+G6 -> 222.648 | B4: alice spinning pixellist
A5: clusters | C5: start | D5: end | F5: raw dlv | G5: dldv | J5: calculated end
A6: 27 | B6: TRK_205_1 | C6: 645951158 | D6: 645951767 | F6: 26.764 | G6: 28.626
G7: =G6*1000000/8 -> 3578250
C8: start | D8: end | H8: 208_1 dldv
A9: 183 | B9: TRK_207_1 | C9: 645951790 | D9: 645955455 | E9: =D9-C9 -> 3665 | F9: 174.619 | G9: 194.022 | H9: =58.7-G6 -> 30.074 | I9: =H9/G9 -> 0.15500304 | J9: =C9+I9*E9 -> 6.4595236e+08 | K9: end time to play back 30.074 Mbits
C10: original acquisition start | D10: and en | G10: =G9*1000000/8 -> 24252750 | H10: =H9*1000000/8 -> 3759250
G13: 645952358

Sheet SWAP Data Volumns
B2: Packet Names | C2: APID | D2: Size (bytes) | E2: Size (bits) | F2: Number of Packets in Set | H2: Housekeeping (0x580) Rates Settings | I2: Data Rate [Hz] | J2: Time Interval [s] | L2: RT (0x584), SM (0x585), & HIST(0x586/7) Rates | M2: Data Rate [hz] | N2: Time Interval [s]
B3: Housekeeping | C3: 0x580 | D3: 75 | E3: =D3*8 -> 600 | F3: 1 | H3: NEVER | I3: 0 | L3: NEVER | M3: 0 | N3: 0
B4: Message | C4: 0x582 | D4: 33 | E4: =D4*8 -> 264 | F4: Variable | H4: 24H | I4: =1/(24*60*60) -> 1.1574074e-05 | J4: 86400 | L4: 24H | M4: =1/N4 -> 1.1574074e-05 | N4: 86400
B5: Realtime Science | C5: 0x584 | D5: 35 | E5: =D5*8 -> 280 | F5: 64 | H5: 12H | I5: =1/(12*60*60) -> 2.3148148e-05 | J5: 43200 | L5: 12H | M5: =1/N5 -> 2.3148148e-05 | N5: 43200
B6: Summary | C6: 0x585 | D6: 87 | E6: =D6*8 -> 696 | F6: 1 | H6: 6H | I6: =1/(6*60*60) -> 4.6296296e-05 | J6: 21600 | L6: 6H | M6: =1/N6 -> 4.6227811e-05 | N6: 21632
B7: Histogram 0 | C7: 0x586 | D7: 216 | E7: =D7*8 -> 1728 | F7: 1 | H7: 3H | I7: =1/(3*60*60) -> 9.2592593e-05 | J7: 10800 | L7: 3H | M7: =1/N7 -> 9.2455621e-05 | N7: 10816
B8: Histogram 1 | C8: 0x587 | D8: 204 | E8: =D8*8 -> 1632 | F8: 63 | H8: 2H | I8: =1/(2*60*60) -> 0.00013888889 | J8: 7200 | L8: 2H | M8: =1/N8 -> 0.00013827434 | N8: 7232
H9: 1H | I9: =1/(60*60) -> 0.00027777778 | J9: 3600 | L9: 1H | M9: =1/N9 -> 0.00027412281 | N9: 3648
H10: 30M | I10: =1/(30*60) -> 0.00055555556 | J10: 1800 | L10: 30M | M10: =1/N10 -> 0.0005387931 | N10: =1856 -> 1856
H11: 20M | I11: =1/(20*60) -> 0.00083333333 | J11: =1200 -> 1200 | L11: 20M | M11: =1/N11 -> 0.00078125 | N11: =20*64 -> 1280
H12: 10M | I12: =1/(10*60) -> 0.0016666667 | J12: 600 | L12: 10M | M12: =1/N12 -> 0.0015625 | N12: =10*64 -> 640
H13: 5M | I13: =1/(5*60) -> 0.0033333333 | J13: 300 | L13: 5M | M13: =1/N13 -> 0.003125 | N13: =5*64 -> 320
H14: 2M | I14: =1/(2*60) -> 0.0083333333 | J14: 120 | L14: 2M | M14: =1/N14 -> 0.0078125 | N14: =2*64 -> 128
H15: 64S | I15: =1/64 -> 0.015625 | J15: 64 | L15: 64S | M15: =1/N15 -> 0.015625 | N15: 64
H16: 32S | I16: =1/32 -> 0.03125 | J16: 32
H17: 16S | I17: =1/16 -> 0.0625 | J17: 16
H18: 8S | I18: =1/8 -> 0.125 | J18: 8
H19: 4S | I19: =1/4 -> 0.25 | J19: 4
H20: 2S | I20: =1/2 -> 0.5 | J20: 2
H21: 1S | I21: =1 -> 1 | J21: 1
B25: 0x584 at 1min (64sec) with 0x580 1H; 0x585 1H; 0x586/7 never No Histograms
C26: APID | D26: Bits/Packet | E26: Rate Mode | F26: Packets/Sec | G26: Bits/Second | H26: Interval [sec] | I26: Total [Mbits]
B27: HK | C27: 0x580 | D27: =$E$3 -> 600 | E27: 1H | F27: =$I$9*$F$3 -> 0.00027777778 | G27: =D27*F27 -> 0.16666667 | H27: 86400 | I27: =G27*H27/1000000 -> 0.0144
B28: RTSCI | C28: 0x584 | D28: =$E$5 -> 280 | E28: 64S | F28: =$M$15*$F$5 -> 1 | G28: =D28*F28 -> 280 | H28: 86400 | I28: =G28*H28/1000000 -> 24.192
B29: Summary | C29: 0x585 | D29: =$E$6 -> 696 | E29: 1H | F29: =$M$9*$F$6 -> 0.00027412281 | G29: =D29*F29 -> 0.19078947 | H29: 86400 | I29: =G29*H29/1000000 -> 0.016484211
B30: Histogram 0 | C30: 0x586 | D30: =$E$7 -> 1728 | E30: Never | F30: 0 | G30: =D30*F30 -> 0 | H30: 0 | I30: =G30*H30/1000000 -> 0 | J30: If we use this combination, we will have to write a code ceate the histograms from the 0x584 data. This is possible because with 0x584 set to 64 seconds we are downloadding all the sweeps performed back to back.
B31: Histogram 1 | C31: 0x587 | D31: =$E$8 -> 1632 | E31: Never | F31: 0 | G31: =D31*F31 -> 0 | H31: 0 | I31: =G31*H31/1000000 -> 0
H32: Total: | I32: =SUM(I27:I31) -> 24.222884
B38: 0x584 at 1min (64sec) with 0x580 1H; 0x585 1H; 0x586/7 24H
C39: APID | D39: Bits/Packet | E39: Rate Mode | F39: Packets/Sec | G39: Bits/Second | H39: Interval [sec] | I39: Total [Mbits]
B40: HK | C40: 0x580 | D40: =$E$3 -> 600 | E40: 1H | F40: =$I$9*$F$3 -> 0.00027777778 | G40: =D40*F40 -> 0.16666667 | H40: 86400 | I40: =G40*H40/1000000 -> 0.0144
B41: RTSCI | C41: 0x584 | D41: =$E$5 -> 280 | E41: 64S | F41: =$M$15*$F$5 -> 1 | G41: =D41*F41 -> 280 | H41: 86400 | I41: =G41*H41/1000000 -> 24.192
B42: Summary | C42: 0x585 | D42: =$E$6 -> 696 | E42: 1H | F42: =$M$9*$F$6 -> 0.00027412281 | G42: =D42*F42 -> 0.19078947 | H42: 86400 | I42: =G42*H42/1000000 -> 0.016484211
B43: Histogram 0 | C43: 0x586 | D43: =$E$7 -> 1728 | E43: 24H | F43: =$M$4*$F$7 -> 1.1574074e-05 | G43: =D43*F43 -> 0.02 | H43: 86400 | I43: =G43*H43/1000000 -> 0.001728 | J43: We could turn off the histograms 0x586 and 0x587 because with this option the 0x584 is performing continuous sweep such that we could construct histograms on the ground from the 0x584 packets by writing a computer program.
B44: Histogram 1 | C44: 0x587 | D44: =$E$8 -> 1632 | E44: 24H | F44: =$M$4*$F$8 -> 0.00072916667 | G44: =D44*F44 -> 1.19 | H44: 86400 | I44: =G44*H44/1000000 -> 0.102816
H45: Total: | I45: =SUM(I40:I44) -> 24.327428 | J45: =I45*1000000/86400 -> 281.56746 | K45: =J45/8 -> 35.195932
J46: bps | K46: bytes/s
B47: 0x584 at 2min with 0x580 1H; 0x585 1H; 0x586/7 24H
C48: APID | D48: Bits/Packet | E48: Rate Mode | F48: Packets/Sec | G48: Bits/Second | H48: Interval [sec] | I48: Total [Mbits]
B49: HK | C49: 0x580 | D49: =$E$3 -> 600 | E49: 1H | F49: =$I$9*$F$3 -> 0.00027777778 | G49: =D49*F49 -> 0.16666667 | H49: 86400 | I49: =G49*H49/1000000 -> 0.0144
B50: RTSCI | C50: 0x584 | D50: =$E$5 -> 280 | E50: 2M | F50: =$M$14*$F$5 -> 0.5 | G50: =D50*F50 -> 140 | H50: 86400 | I50: =G50*H50/1000000 -> 12.096
B51: Summary | C51: 0x585 | D51: =$E$6 -> 696 | E51: 1H | F51: =$M$9*$F$6 -> 0.00027412281 | G51: =D51*F51 -> 0.19078947 | H51: 86400 | I51: =G51*H51/1000000 -> 0.016484211
B52: Histogram 0 | C52: 0x586 | D52: =$E$7 -> 1728 | E52: 24H | F52: =$M$4*$F$7 -> 1.1574074e-05 | G52: =D52*F52 -> 0.02 | H52: 86400 | I52: =G52*H52/1000000 -> 0.001728
B53: Histogram 1 | C53: 0x587 | D53: =$E$8 -> 1632 | E53: 24H | F53: =$M$4*$F$8 -> 0.00072916667 | G53: =D53*F53 -> 1.19 | H53: 86400 | I53: =G53*H53/1000000 -> 0.102816
H54: Total: | I54: =SUM(I49:I53) -> 12.231428 | J54: =I54*1000000/86400 -> 141.56746 | K54: =J54/8 -> 17.695932
J55: bps | K55: bytes/s
B56: 0x584 at 5min with 0x580 1H; 0x585 1H; 0x586/7 24H
C57: APID | D57: Bits/Packet | E57: Rate Mode | F57: Packets/Sec | G57: Bits/Second | H57: Interval [sec] | I57: Total [Mbits]
B58: HK | C58: 0x580 | D58: =$E$3 -> 600 | E58: 1H | F58: =$I$9*$F$3 -> 0.00027777778 | G58: =D58*F58 -> 0.16666667 | H58: 86400 | I58: =G58*H58/1000000 -> 0.0144
B59: RTSCI | C59: 0x584 | D59: =$E$5 -> 280 | E59: 5M | F59: =$M$13*$F$5 -> 0.2 | G59: =D59*F59 -> 56 | H59: 86400 | I59: =G59*H59/1000000 -> 4.8384
B60: Summary | C60: 0x585 | D60: =$E$6 -> 696 | E60: 1H | F60: =$M$9*$F$6 -> 0.00027412281 | G60: =D60*F60 -> 0.19078947 | H60: 86400 | I60: =G60*H60/1000000 -> 0.016484211
B61: Histogram 0 | C61: 0x586 | D61: =$E$7 -> 1728 | E61: 24H | F61: =$M$4*$F$7 -> 1.1574074e-05 | G61: =D61*F61 -> 0.02 | H61: 86400 | I61: =G61*H61/1000000 -> 0.001728
B62: Histogram 1 | C62: 0x587 | D62: =$E$8 -> 1632 | E62: 24H | F62: =$M$4*$F$8 -> 0.00072916667 | G62: =D62*F62 -> 1.19 | H62: 86400 | I62: =G62*H62/1000000 -> 0.102816
H63: Total: | I63: =SUM(I58:I62) -> 4.9738282 | J63: =I63*1000000/86400 -> 57.567456 | K63: =J63/8 -> 7.195932
J64: bps | K64: bytes/s
B65: 0x584 at 10min with 0x580 1H; 0x585 1H; 0x586/7 24H
C66: APID | D66: Bits/Packet | E66: Rate Mode | F66: Packets/Sec | G66: Bits/Second | H66: Interval [sec] | I66: Total [Mbits]
B67: HK | C67: 0x580 | D67: =$E$3 -> 600 | E67: 1H | F67: =$I$9*$F$3 -> 0.00027777778 | G67: =D67*F67 -> 0.16666667 | H67: 86400 | I67: =G67*H67/1000000 -> 0.0144
B68: RTSCI | C68: 0x584 | D68: =$E$5 -> 280 | E68: 10M | F68: =$M$12*$F$5 -> 0.1 | G68: =D68*F68 -> 28 | H68: 86400 | I68: =G68*H68/1000000 -> 2.4192
B69: Summary | C69: 0x585 | D69: =$E$6 -> 696 | E69: 1H | F69: =$M$9*$F$6 -> 0.00027412281 | G69: =D69*F69 -> 0.19078947 | H69: 86400 | I69: =G69*H69/1000000 -> 0.016484211
B70: Histogram 0 | C70: 0x586 | D70: =$E$7 -> 1728 | E70: 24H | F70: =$M$4*$F$7 -> 1.1574074e-05 | G70: =D70*F70 -> 0.02 | H70: 86400 | I70: =G70*H70/1000000 -> 0.001728
B71: Histogram 1 | C71: 0x587 | D71: =$E$8 -> 1632 | E71: 24H | F71: =$M$4*$F$8 -> 0.00072916667 | G71: =D71*F71 -> 1.19 | H71: 86400 | I71: =G71*H71/1000000 -> 0.102816 | K71: hibernation 2024/25
H72: Total: | I72: =SUM(I67:I71) -> 2.5546282 | J72: =I72*1000000/86400 -> 29.567456 | K72: =J72/8 -> 3.695932
J73: bps | K73: bytes/s
B74: 0x584 at 20min with 0x580 1H; 0x585 1H; 0x586/7 24H
C75: APID | D75: Bits/Packet | E75: Rate Mode | F75: Packets/Sec | G75: Bits/Second | H75: Interval [sec] | I75: Total [Mbits]
B76: HK | C76: 0x580 | D76: =$E$3 -> 600 | E76: 1H | F76: =$I$9*$F$3 -> 0.00027777778 | G76: =D76*F76 -> 0.16666667 | H76: 86400 | I76: =G76*H76/1000000 -> 0.0144
B77: RTSCI | C77: 0x584 | D77: =$E$5 -> 280 | E77: 20M | F77: =$M$11*$F$5 -> 0.05 | G77: =D77*F77 -> 14 | H77: 86400 | I77: =G77*H77/1000000 -> 1.2096
B78: Summary | C78: 0x585 | D78: =$E$6 -> 696 | E78: 1H | F78: =$M$9*$F$6 -> 0.00027412281 | G78: =D78*F78 -> 0.19078947 | H78: 86400 | I78: =G78*H78/1000000 -> 0.016484211
B79: Histogram 0 | C79: 0x586 | D79: =$E$7 -> 1728 | E79: 24H | F79: =$M$4*$F$7 -> 1.1574074e-05 | G79: =D79*F79 -> 0.02 | H79: 86400 | I79: =G79*H79/1000000 -> 0.001728
B80: Histogram 1 | C80: 0x587 | D80: =$E$8 -> 1632 | E80: 24H | F80: =$M$4*$F$8 -> 0.00072916667 | G80: =D80*F80 -> 1.19 | H80: 86400 | I80: =G80*H80/1000000 -> 0.102816
H81: Total: | I81: =SUM(I76:I80) -> 1.3450282 | J81: =I81*1000000/86400 -> 15.567456 | K81: =J81/8 -> 1.945932
J82: bps | K82: bytes/s
B83: 0x584 at 30min with 0x580 1H; 0x585 1H; 0x586/7 24H
C84: APID | D84: Bits/Packet | E84: Rate Mode | F84: Packets/Sec | G84: Bits/Second | H84: Interval [sec] | I84: Total [Mbits]
B85: HK | C85: 0x580 | D85: =$E$3 -> 600 | E85: 1H | F85: =$I$9*$F$3 -> 0.00027777778 | G85: =D85*F85 -> 0.16666667 | H85: 86400 | I85: =G85*H85/1000000 -> 0.0144
B86: RTSCI | C86: 0x584 | D86: =$E$5 -> 280 | E86: 30M | F86: =$M$10*$F$5 -> 0.034482759 | G86: =D86*F86 -> 9.6551724 | H86: 86400 | I86: =G86*H86/1000000 -> 0.8342069
B87: Summary | C87: 0x585 | D87: =$E$6 -> 696 | E87: 1H | F87: =$M$9*$F$6 -> 0.00027412281 | G87: =D87*F87 -> 0.19078947 | H87: 86400 | I87: =G87*H87/1000000 -> 0.016484211
B88: Histogram 0 | C88: 0x586 | D88: =$E$7 -> 1728 | E88: 24H | F88: =$M$4*$F$7 -> 1.1574074e-05 | G88: =D88*F88 -> 0.02 | H88: 86400 | I88: =G88*H88/1000000 -> 0.001728
B89: Histogram 1 | C89: 0x587 | D89: =$E$8 -> 1632 | E89: 24H | F89: =$M$4*$F$8 -> 0.00072916667 | G89: =D89*F89 -> 1.19 | H89: 86400 | I89: =G89*H89/1000000 -> 0.102816
H90: Total: | I90: =SUM(I85:I89) -> 0.96963511 | J90: =I90*1000000/86400 -> 11.222629 | K90: =J90/8 -> 1.4028286
J91: bps | K91: bytes/s
B92: 0x584 at 1H with 0x580 1H; 0x585 1H; 0x586/7 24H
C93: APID | D93: Bits/Packet | E93: Rate Mode | F93: Packets/Sec | G93: Bits/Second | H93: Interval [sec] | I93: Total [Mbits]
B94: HK | C94: 0x580 | D94: =$E$3 -> 600 | E94: 1H | F94: =$I$9*$F$3 -> 0.00027777778 | G94: =D94*F94 -> 0.16666667 | H94: 86400 | I94: =G94*H94/1000000 -> 0.0144
B95: RTSCI | C95: 0x584 | D95: =$E$5 -> 280 | E95: 1H | F95: =$M$9*$F$5 -> 0.01754386 | G95: =D95*F95 -> 4.9122807 | H95: 86400 | I95: =G95*H95/1000000 -> 0.42442105
B96: Summary | C96: 0x585 | D96: =$E$6 -> 696 | E96: 1H | F96: =$M$9*$F$6 -> 0.00027412281 | G96: =D96*F96 -> 0.19078947 | H96: 86400 | I96: =G96*H96/1000000 -> 0.016484211
B97: Histogram 0 | C97: 0x586 | D97: =$E$7 -> 1728 | E97: 24H | F97: =$M$4*$F$7 -> 1.1574074e-05 | G97: =D97*F97 -> 0.02 | H97: 86400 | I97: =G97*H97/1000000 -> 0.001728
B98: Histogram 1 | C98: 0x587 | D98: =$E$8 -> 1632 | E98: 24H | F98: =$M$4*$F$8 -> 0.00072916667 | G98: =D98*F98 -> 1.19 | H98: 86400 | I98: =G98*H98/1000000 -> 0.102816
H99: Total: | I99: =SUM(I94:I98) -> 0.55984926 | J99: =I99*1000000/86400 -> 6.4797368 | K99: =J99/8 -> 0.80996711
J100: bps | K100: bytes/s
B101: 0x584 at 2H with 0x580 1H; 0x585 1H; 0x586/7 24H
C102: APID | D102: Bits/Packet | E102: Rate Mode | F102: Packets/Sec | G102: Bits/Second | H102: Interval [sec] | I102: Total [Mbits]
B103: HK | C103: 0x580 | D103: =$E$3 -> 600 | E103: 1H | F103: =$I$9*$F$3 -> 0.00027777778 | G103: =D103*F103 -> 0.16666667 | H103: 86400 | I103: =G103*H103/1000000 -> 0.0144
B104: RTSCI | C104: 0x584 | D104: =$E$5 -> 280 | E104: 2H | F104: =$M$8*$F$5 -> 0.0088495575 | G104: =D104*F104 -> 2.4778761 | H104: 86400 | I104: =G104*H104/1000000 -> 0.2140885
B105: Summary | C105: 0x585 | D105: =$E$6 -> 696 | E105: 1H | F105: =$M$9*$F$6 -> 0.00027412281 | G105: =D105*F105 -> 0.19078947 | H105: 86400 | I105: =G105*H105/1000000 -> 0.016484211
B106: Histogram 0 | C106: 0x586 | D106: =$E$7 -> 1728 | E106: 24H | F106: =$M$4*$F$7 -> 1.1574074e-05 | G106: =D106*F106 -> 0.02 | H106: 86400 | I106: =G106*H106/1000000 -> 0.001728
B107: Histogram 1 | C107: 0x587 | D107: =$E$8 -> 1632 | E107: 24H | F107: =$M$4*$F$8 -> 0.00072916667 | G107: =D107*F107 -> 1.19 | H107: 86400 | I107: =G107*H107/1000000 -> 0.102816 | K107: hib 2025/26
H108: Total: | I108: =SUM(I103:I107) -> 0.34951671 | J108: =I108*1000000/86400 -> 4.0453322 | K108: =J108/8 -> 0.50566653
J109: bps | K109: bytes/s
...

Sheet Overview 2025
E1: SWAP | N1: PEPSSI
D3: Playback | E3: Playback | F3: Approximate | G3: Acquisition | H3: Acq Rate | I3: Acq Rate | K3: Played Back | M3: Playback | N3: Playback | O3: Approximate | P3: Played Back | Q3: Played Back
D4: Start | E4: End | F4: Days | G4: Mode | H4: (bps) | I4: (Mbits/d) | J4: Mbits | K4: Cum Total | M4: Start | N4: End | O4: Days | P4: Mbits | Q4: Cum Total
B5: 25096 | C5: Post-hib | D5: 2025-96/06:15 | E5: 107/03:02 | F5: =107-96 -> 11 | G5: RT30 | H5: 16.32 | I5: 0.9696 | J5: 16.32 | K5: =H5 -> 16.32 | L5: Post-hib | M5: 96/16:35 | N5: 107/02:56 | O5: =107-96 -> 11 | P5: 36.6 | Q5: =P5 -> 36.6 | R5: N1, N2, Status, Buff Rates
L6: Post-hib Mops | M6: 2025-96 | N6: 2025-118 | O6: 21 | R6: Trig Assessment (post-hibernation)
B7: 25118 | C7: Post-hib | D7: 2025-107/03:02 | E7: 126/03:18 | F7: =126-107 -> 19 | G7: RT30 | H7: 17.6 | I7: 0.9696 | J7: 17.6 | K7: =H7+H5 -> 33.92 | L7: Post-hib | M7: 107/02:56 | N7: 119/07:51 | O7: =116-107 -> 9 | P7: 41 | Q7: =P7+Q5 -> 77.6 | R7: N1, N2, Status, Buff Rates
L8: Post-hib Mops | M8: 2025-118 | N8: 2025-139 | O8: 172 | P8: =5227688*8/1000000 -> 41.821504 | Q8: =Q7+P8 -> 119.4215 | R8: Trig Assessment (post-hibernation)
L9: Hibernation Mops pb | R9: Trig Assessment (hibernation)
B10: 25139 | C10: hibernation | D10: 2024-276/01:32 | E10: 302/14:44 | F10: =302-276 -> 26 | G10: RT10 | H10: 64.4 | I10: 2.5546 | J10: 64.4 | K10: =K7+H10 -> 98.32 | L10: Post-hib | M10: 119/07:51 | N10: 135/13:16 | O10: =135-119 -> 16 | P10: 56.5 | Q10: =Q8+P10 -> 175.9215 | R10: DT1, DT2,HSK, N2
P11: =P10+P7+P5 -> 134.1
A12: 178 | B12: 25159 | C12: hibernation | D12: 2024-302/14:44 | E12: 338/00:07 | F12: =338-302 -> 36 | G12: RT10 | H12: 90.4 | I12: 2.5546 | J12: 90.4 | K12: =K10+H12 -> 188.72 | L12: Post-hib | M12: 135/13:16 | N12: 178/19:30 | O12: =178-135 -> 43 | P12: 105.5 | Q12: =Q10+P12 -> 281.4215 | R12: DT1, DT2,HSK (NO N2 or DT4)
A13: =90.4+105.5 -> 195.9
A14: =A13-A12 -> 17.9
A15: =486-A14 -> 468.1 | H15: =H17+H10 -> 436.18301
B16: REMAINING:
C17: hibernation | D17: 2024-338/00:07 | E17: 2025-083/08:02 | F17: =83+365-302 -> 146 | G17: RT10 | H17: =(F17*86400*8*'2025_pb'!W9)/1000000 -> 371.78301 | I17: 2.5546 | J17: =I17*F17 -> 372.9716 | K17: =H17 -> 371.78301 | L17: Hib remain | M17: 24/276 | N17: 2025/83 | O17: =83+365-276 -> 172 | P17: =241+379 -> 620 | Q17: =P17 -> 620
C18: Post hib 2025-126 to 159 | D18: 126/03:18 | E18: ~doy 219 | F18: =219-126 -> 93 | H18: =F18*86400*8*'2025_pb'!S9/1000000 -> 89.416338 | J18: =H18*86400*8*'2025_pb'!T9/1000000 -> 22.505437 | K18: =K17+H18 -> 461.19935 | L18: Post-hib remain | N18: ~doy217
B19: post hib total | D19: 96 | E19: 219 | F19: =E19-D19 -> 123 | I19: 0.9696 | J19: =I19*F19 -> 119.2608
M21: =296-189 -> 107
D24: total | E24: Pb 96/118 | F24: Pb 139/159 | G24: remaining | J24: functional | K24: 150 | L24: 160 | O24: post hib 96 – 135 | P24: 134
C25: swp post hib | D25: 274 | E25: =16.32+17.6 -> 33.92 | G25: =D25-E25 -> 240.08 | J25: swap hib remain | K25: 372 | L25: 284 | O25: hib trig mops | P25: 42
C26: swap hib | D26: 439 | F26: =64.4+90.4 -> 154.8 | G26: =D26-F26 -> 284.2 | J26: swap post hib | K26: 89 | L26: 240 | O26: post hib trig | P26: 15
J27: pep hib | K27: 620 | L27: 536 | O27: post hib survey | P27: 105
C28: trig ass posthib 96 – 159 | D28: =(159-96)*0.24 -> 15.12 | J28: peps post hib | K28: 461 | L28: =59.4+36.6 -> 96 | M28: surv+buf+tr post | P28: =SUM(P24:P27) -> 296
K29: =SUM(K24:K28) -> 1692 | L29: =6.3+10.5 -> 16.8 | M29: n2 post
O30: hib n2 | P30: 87
O31: hib survey + buff | P31: 449
I32: =96+203+160 -> 459 | P32: =P31+P30 -> 536
B33: PB DLDV | D33: SWAP
A34: 25159 | B34: 178
A35: 25181 | B35: 386
A36: 25207 | B36: 100
B37: 664

Sheet Sheet37
E14: Hibernation
D15: HSK3
D17: DT1
D19: DT2
D21: DT3
D23: DT4 | E23: DT4 | G23: DT3 | H23: DT2 | I23: DT1 | J23: HSK3
J24: 607591634 607607834
E25: 590222814 606280735 | J25: 606263976 606264328
C26: 606356633 606411235 | E26: 606280733 606323935 | G26: 606263196 606535598
E27: 606323933 606356635 | G27: 606535597 606936315
E28: 606356633 606411235 | G28: 606936314 607164482 | I28: 606535597 606936315
E29: 606411233 606458035
E30: 606411233 606458035 | G30: 607164481 607931342
E31: 606557033 606583435 | G31: 607961196 608218979
E32: 606583433 606641035 | G32: 608218978 608536142
E33: 607224593 607484095 | G33: 608566037 608594683
E34: 606641033 606708895 | G34: 608594682 608803371
E35: 606708893 606884995 | G35: 608803370 608964552
E36: 606884993 606986995 | G36: 608964551 609237996
E37: 606986993 607046095 | G37: 609237995 609416427
E38: 607046093 607101595 | G38: 609416426 609620873
E39: 607101593 607147795 | G39: Pep 1 | I39: pep2
E40: 607147793 607224595 | G40: 609410289 609411609 | I40: 609250141 609251866
E41: 607484093 607530295 | I41: 609265620 609267207
E42: 607530293 607588795
E43: 607588793 607653295 | G43: 609625453 609911822
E44: 607653293 607712095 | G44: 609953285 610156755
E45: 607712093 607776295 | G45: 610156754 610410247
E46: 607776293 607848595 | G46: 610457872 610697909
E47: 608059553 608085955 | G47: 610650282 610784848
E48: 608085953 608122255 | G48: 610650282 610784848
E49: 608122253 608192155 | G49: 610784847 611216550
E50: 608252753 608288155 | G50: 611216549 611398759
D51: pep4 | E51: 608288153 608401255 | G51: 611398758 611652251
E52: 608401253 608428555 | G52: 611652250 611744042
E53: 600424745 606280735 | G53: 611744556 611851611
E54: 608122253 608192155 | G54: 611851610 612349039
E55: 608192153 608252755 | G55: 612349038 612647515
E56: 608428553 608477155
E57: 608477153 608694655
E58: 608694653 608799055
E59: 608799053 608859355
E60: 608859353 608895955
E61: 608895953 608976055
E62: 608976053 609117355
E63: 609117353 609292615
E64: 609292613 609398515
E65: 609398513 609463015
E66: 609463013 609495715
E67: 609495713 609554215
... E69: 609638813 609671215
D70: 25139 | E70: 609671213 609895315
E72: 609895314 609990715
E73: 609990713 610067215
E74: 610067213 610102915
E75: 610102913 610182415
E76: 610182413 610245415
E77: 610245413 610356115
E78: 610356113 610421515
E79: 610421513 610518415
E80: 610518413 610582015
E81: 610616813 610780315
E82: 610780313 610846915
E83: 610846913 611123215
... E87: 611275913 611444215
D88: 23159 | E88: 611444213 611534215
E90: 611534213 611724715
E91: 611724713 611792515
E92: 611792513 611875015
E93: 611875013 611910715
E94: 611910713 611968015
E95: 611968013 612082915
E96: 612082913 612308815
E97: 612395813 612482215
E98: 612482213 612516415
E99: 612591413 612655915
E100: 612655913 612913315
E101: 612913313 613000315
... E103: 613203113 613282015

Sheet swap_rates
G2: tim bef gain | H2: time aft gain | I2: non gain time | J2: bytes non gain | K2: Mbits non gain | L2: bytes of gain | M2: Mbits of gain
G3: =G6-G5 -> 36245 | H3: =H5-G7 -> 18955 | I3: =H3+G3 -> 55200 | J3: =I3*3.82 -> 210864 | K3: =J3*8/1000000 -> 1.686912 | L3: =E18-J3 -> 698011 | M3: =F18-K3 -> 5.584088
G4: st pb 79_1 | H4: end pb 79_1
G5: =H18 -> 573130071 | H5: =I18 -> 573191571
E6: 079 23:08:52 | F6: 079 15:00:00 | G6: 573166316 | H6: 8 | I6: C&DH #1 | J6: TT 38 | K6: SWAP_LVPS_POWER CDBOTH ON | L6: Turn ON SWAP | M6: K1SW_A4_SWAP_GAIN_079_1
D7: 24078 gain test | E7: 080 00:53:51 | F7: 079 16:45:00 | G7: 573172616 | H7: 7 | I7: C&DH #1 | J7: TT 45 | K7: SWAP_LVPS_POWER CDBOTH ON | L7: Turn ON SWAP | M7: K1SW_A4_SWAP_Daily_ON_079_1_endGain
G8: =G7-G6 -> 6300
D11: 25096 gain test | E11: 099 11:31:17 | F11: 099 03:00:01 | G11: 606473516 | H11: 7 | I11: C&DH #1 | J11: TT 77 | K11: SWAP_LVPS_POWER CDBOTH ON | L11: Turn ON SWAP | M11: K1SW_A4_SWAP_GAIN_099_1
E12: 099 13:21:29 | F12: 099 04:50:13 | G12: 606480128 | H12: 0 | I12: SWAP #1 | J12: TT 086 | K12: SWAP_TLM_HK_RATE 1H MACRO=EXEC | M12: K1SW_A4_SWAP_OFF_099__A4
D15: Bytes / sec | E15: bytes | F15: Mbits | J15: sec
D16: =E16/J16 -> 3.7935055 | E16: =(F16*1000000/8) -> 219625 | F16: 1.757 | G16: 24078 | H16: 573044876 | I16: 573102771 | J16: =I16-H16 -> 57895 | K16: =J16*$R$689 -> 0 | L16: 1.7217
D17: =E17/J17 -> 4.0521978 | E17: =(F17*1000000/8) -> 110625 | F17: 0.885 | G17: 078_1 | H17: =I16 -> 573102771 | I17: 573130071 | J17: =I17-H17 -> 27300 | K17: =J17*$R$689 -> 0 | L17: 908890
B18: =D18/D23 -> 0 | C18: gain test | E18: =(F18*1000000/8) -> 908875 | F18: 7.271 | G18: 079_1 | H18: =I17 -> 573130071 | I18: 573191571 | J18: =I18-H18 -> 61500 | K18: =J18*$R$689 -> 0 | L18: 908890
B19: x normal rate | D19: =E19/J19 -> 3.8722222 | E19: =(F19*1000000/8) -> 174250 | F19: 1.394 | G19: 079_2 | H19: =I18 -> 573191571 | I19: 573236571 | J19: =I19-H19 -> 45000 | K19: =J19*$R$689 -> 0 | L19: 908890
D20: =E20/J20 -> 3.755008 | E20: =(F20*1000000/8) -> 468625 | F20: 3.749 | G20: 080_1 | H20: =I19 -> 573236571 | I20: 573361371 | J20: =I20-H20 -> 124800 | K20: =J20*$R$689 -> 0 | L20: 908890
D21: =E21/J21 -> 3.7729167 | E21: =(F21*1000000/8) -> 226375 | F21: 1.811 | G21: 081_1 | H21: =I20 -> 573361371 | I21: 573421371 | J21: =I21-H21 -> 60000 | K21: =J21*$R$689 -> 0 | L21: 908890
D22: =E22/J22 -> 3.8367052 | E22: =(F22*1000000/8) -> 199125 | F22: 1.593 | G22: 082_1 | H22: =I21 -> 573421371 | I22: 573473271 | J22: =I22-H22 -> 51900 | K22: =J22*$R$689 -> 0 | L22: 908890
D23: =SUM(D19:D22)/4 -> 3.809213
D25: =E25/J25 -> 3.9256198 | E25: =(F25*1000000/8) -> 140125 | F25: 1.121 | G25: 24267 | H25: 589373156 | I25: 589408851 | J25: =I25-H25 -> 35695 | K25: =J25*$R$689 -> 0 | L25: 908890
D26: =E26/J26 -> 3.9579968 | E26: =(F26*1000000/8) -> 147000 | F26: 1.176 | G26: 267_2 | H26: 589408851 | I26: 589445991 | J26: =I26-H26 -> 37140 | K26: =J26*$R$689 -> 0 | L26: 908890
D27: =E27/J27 -> 3.791876 | E27: =(F27*1000000/8) -> 226375 | F27: 1.811 | G27: 268_1 | H27: 589445991 | I27: 589505691 | J27: =I27-H27 -> 59700 | K27: =J27*$R$689 -> 0 | L27: 908890
D28: =E28/J28 -> 3.7168561 | E28: =(F28*1000000/8) -> 294375 | F28: 2.355 | G28: 268_2 | H28: 589505691 | I28: 589584891 | J28: =I28-H28 -> 79200 | K28: =J28*$R$689 -> 0 | L28: 908890
D29: =E29/J29 -> 3.860252 | E29: =(F29*1000000/8) -> 337000 | F29: 2.696 | G29: 269_1 | H29: 589584891 | I29: 589672191 | J29: =I29-H29 -> 87300 | K29: =J29*$R$689 -> 0 | L29: 908890
D30: =E30/J30 -> 3.8356051 | E30: =(F30*1000000/8) -> 346125 | F30: 2.769 | G30: 270_1 | H30: 589672191 | I30: 589762431 | J30: =I30-H30 -> 90240 | K30: =J30*$R$689 -> 0 | L30: 908890
D31: =E31/J31 -> 3.7087579 | E31: =(F31*1000000/8) -> 305750 | F31: 2.446 | G31: 271_1 | H31: 589762431 | I31: 589844871 | J31: =I31-H31 -> 82440 | K31: =J31*$R$689 -> 0 | L31: 908890
D32: =SUM(D25:D31)/7 -> 3.8281377

Sheet swap_rates_2
G2: =H15 -> 573130071
E3: 079 23:08:52 | F3: 079 15:00:00 | G3: 573166316 | H3: 8 | I3: C&DH #1 | J3: TT 38 | K3: SWAP_LVPS_POWER CDBOTH ON | L3: Turn ON SWAP | M3: K1SW_A4_SWAP_GAIN_079_1
D4: 24078 gain test | E4: 080 00:53:51 | F4: 079 16:45:00 | G4: 573172616 | H4: 7 | I4: C&DH #1 | J4: TT 45 | K4: SWAP_LVPS_POWER CDBOTH ON | L4: Turn ON SWAP | M4: K1SW_A4_SWAP_Daily_ON_079_1_endGain
G5: =G4-G3 -> 6300 | H5: =K14-J14 -> -27300 | I5: =H5-G5 -> -33600 | J5: =I5*3.809313/1000000 -> -0.12799292 | K5: =H14-J5 -> 5.7310277e+08
G6: dur of gain test | H6: total pb period | I6: sec non gain | J6: Mbits of | K6: Mbits of gain
J7: non gain
D8: 25096 gain test | E8: 099 11:31:17 | F8: 099 03:00:01 | G8: 606473516 | H8: 7 | I8: C&DH #1 | J8: TT 77 | K8: SWAP_LVPS_POWER CDBOTH ON | L8: Turn ON SWAP | M8: K1SW_A4_SWAP_GAIN_099_1
E9: 099 13:21:29 | F9: 099 04:50:13 | G9: 606480128 | H9: 0 | I9: SWAP #1 | J9: TT 086 | K9: SWAP_TLM_HK_RATE 1H MACRO=EXEC | M9: K1SW_A4_SWAP_OFF_099__A4
D12: Bytes / sec | E12: bytes | F12: Mbits | J12: sec
D13: =E13/J13 -> 3.7935055 | E13: =(F13*1000000/8) -> 219625 | F13: 1.757 | G13: 24078 | H13: 573044876 | I13: 573102771 | J13: =I13-H13 -> 57895 | K13: =J13*$R$686 -> 0 | L13: 1.7217
D14: =E14/J14 -> 4.0521978 | E14: =(F14*1000000/8) -> 110625 | F14: 0.885 | G14: 078_1 | H14: =I13 -> 573102771 | I14: 573130071 | J14: =I14-H14 -> 27300 | K14: =J14*$R$686 -> 0 | L14: 908890
B15: =D15/D20 -> 3.879661 | C15: gain test | D15: =E15/J15 -> 14.778455 | E15: =(F15*1000000/8) -> 908875 | F15: 7.271 | G15: 079_1 | H15: =I14 -> 573130071 | I15: 573191571 | J15: =I15-H15 -> 61500 | K15: =J15*$R$686 -> 0 | L15: 908890
B16: x normal rate | D16: =E16/J16 -> 3.8722222 | E16: =(F16*1000000/8) -> 174250 | F16: 1.394 | G16: 079_2 | H16: =I15 -> 573191571 | I16: 573236571 | J16: =I16-H16 -> 45000 | K16: =J16*$R$686 -> 0 | L16: 908890
D17: =E17/J17 -> 3.755008 | E17: =(F17*1000000/8) -> 468625 | F17: 3.749 | G17: 080_1 | H17: =I16 -> 573236571 | I17: 573361371 | J17: =I17-H17 -> 124800 | K17: =J17*$R$686 -> 0 | L17: 908890
D18: =E18/J18 -> 3.7729167 | E18: =(F18*1000000/8) -> 226375 | F18: 1.811 | G18: 081_1 | H18: =I17 -> 573361371 | I18: 573421371 | J18: =I18-H18 -> 60000 | K18: =J18*$R$686 -> 0 | L18: 908890
D19: =E19/J19 -> 3.8367052 | E19: =(F19*1000000/8) -> 199125 | F19: 1.593 | G19: 082_1 | H19: =I18 -> 573421371 | I19: 573473271 | J19: =I19-H19 -> 51900 | K19: =J19*$R$686 -> 0 | L19: 908890
D20: =SUM(D16:D19)/4 -> 3.809213
D22: =E22/J22 -> 3.9256198 | E22: =(F22*1000000/8) -> 140125 | F22: 1.121 | G22: 24267 | H22: 589373156 | I22: 589408851 | J22: =I22-H22 -> 35695 | K22: =J22*$R$686 -> 0 | L22: 908890
D23: =E23/J23 -> 3.9579968 | E23: =(F23*1000000/8) -> 147000 | F23: 1.176 | G23: 267_2 | H23: 589408851 | I23: 589445991 | J23: =I23-H23 -> 37140 | K23: =J23*$R$686 -> 0 | L23: 908890
D24: =E24/J24 -> 3.791876 | E24: =(F24*1000000/8) -> 226375 | F24: 1.811 | G24: 268_1 | H24: 589445991 | I24: 589505691 | J24: =I24-H24 -> 59700 | K24: =J24*$R$686 -> 0 | L24: 908890
D25: =E25/J25 -> 3.7168561 | E25: =(F25*1000000/8) -> 294375 | F25: 2.355 | G25: 268_2 | H25: 589505691 | I25: 589584891 | J25: =I25-H25 -> 79200 | K25: =J25*$R$686 -> 0 | L25: 908890
D26: =E26/J26 -> 3.860252 | E26: =(F26*1000000/8) -> 337000 | F26: 2.696 | G26: 269_1 | H26: 589584891 | I26: 589672191 | J26: =I26-H26 -> 87300 | K26: =J26*$R$686 -> 0 | L26: 908890
D27: =E27/J27 -> 3.8356051 | E27: =(F27*1000000/8) -> 346125 | F27: 2.769 | G27: 270_1 | H27: 589672191 | I27: 589762431 | J27: =I27-H27 -> 90240 | K27: =J27*$R$686 -> 0 | L27: 908890
D28: =E28/J28 -> 3.7087579 | E28: =(F28*1000000/8) -> 305750 | F28: 2.446 | G28: 271_1 | H28: 589762431 | I28: 589844871 | J28: =I28-H28 -> 82440 | K28: =J28*$R$686 -> 0 | L28: 908890
D29: =SUM(D22:D28)/7 -> 3.8281377

Sheet Sheet1
W1: 108 channels
W2: 64 samples at 20 sec per sample
G4: burst sys tic | H4: n2 mon | I4: n1 | J4: n2 | K4: n3 | L4: n1/n2 | M4: n3/n2 | N4: n2/n2mon | O4: 10*bst/n2 | P4: 10*bst/n2m | Q4: n2mon/10 | R4: n1/10 | S4: n2/10 | T4: n3/10 | W4: =108*64*20 -> 138240 | X4: =W4/3600 -> 38.4
A6: TEST1 | G6: 180 | H6: 20 | I6: 100 | J6: 100 | K6: 7200 | L6: =I6/J6 -> 1 | M6: =K6/J6 -> 72 | N6: =J6/H6 -> 5 | O6: =10*G6/J6 -> 18 | P6: =10*G6/H6 -> 90 | Q6: =H6/10 -> 2 | R6: =I6/10 -> 10 | S6: =J6/10 -> 10 | T6: =K6/10 -> 720
E7: 4PEP | F7: act 3 | G7: 180 | H7: 20 | I7: 101 | J7: 101 | K7: 7201 | L7: =I7/J7 -> 1 | M7: =K7/J7 -> 71.29703 | N7: =J7/H7 -> 5.05 | O7: =10*G7/J7 -> 17.821782 | P7: =10*G7/H7 -> 90 | Q7: =H7/10 -> 2 | R7: =I7/10 -> 10.1 | S7: =J7/10 -> 10.1 | T7: =K7/10 -> 720.1
E8: 6PEP | F8: act 5 | G8: 180 | H8: 20 | I8: 99 | J8: 99 | K8: 7199 | L8: =I8/J8 -> 1 | M8: =K8/J8 -> 72.717172 | N8: =J8/H8 -> 4.95 | O8: =10*G8/J8 -> 18.181818 | P8: =10*G8/H8 -> 90 | Q8: =H8/10 -> 2 | R8: =I8/10 -> 9.9 | S8: =J8/10 -> 9.9 | T8: =K8/10 -> 719.9 | Z8: =24*10*180*0.2 -> 8640
E9: 7PEP | F9: act 6 | G9: 180 | H9: 20 | I9: 400 | J9: 400 | K9: 7200 | L9: =I9/J9 -> 1 | M9: =K9/J9 -> 18 | N9: =J9/H9 -> 20 | O9: =10*G9/J9 -> 4.5 | P9: =10*G9/H9 -> 90 | Q9: =H9/10 -> 2 | R9: =I9/10 -> 40 | S9: =J9/10 -> 40 | T9: =K9/10 -> 720 | V9: Thresh = 24 * 10 * ID40 * CPS | Z9: =8640/(24*10*200) -> 0.18
E10: 8PEP | F10: act 7 | G10: 180 | H10: 20 | I10: 500 | J10: 400 | K10: 7200 | L10: =I10/J10 -> 1.25 | M10: =K10/J10 -> 18 | N10: =J10/H10 -> 20 | O10: =10*G10/J10 -> 4.5 | P10: =10*G10/H10 -> 90 | Q10: =H10/10 -> 2 | R10: =I10/10 -> 50 | S10: =J10/10 -> 40 | T10: =K10/10 -> 720
D11: 540496956 | E11: 9PEP | F11: act 8 | G11: 180 | H11: 20 | I11: 501 | J11: 405 | K11: 7201 | L11: =I11/J11 -> 1.237037 | M11: =K11/J11 -> 17.780247 | N11: =J11/H11 -> 20.25 | O11: =10*G11/J11 -> 4.4444444 | P11: =10*G11/H11 -> 90 | Q11: =H11/10 -> 2 | R11: =I11/10 -> 50.1 | S11: =J11/10 -> 40.5 | T11: =K11/10 -> 720.1
C12: =D12-D11 -> 405 | D12: 540497361 | E12: 10PEP | F12: act 9
F15: test2 | G15: 180 | H15: 20 | I15: 100 | J15: 100 | K15: 7200 | L15: =I15/J15 -> 1 | M15: =K15/J15 -> 72 | N15: =J15/H15 -> 5 | O15: =10*G15/J15 -> 18 | P15: =10*G15/H15 -> 90 | Q15: =H15/10 -> 2 | R15: =I15/10 -> 10 | S15: =J15/10 -> 10 | T15: =K15/10 -> 720
G16: 180 | H16: 20 | I16: 101 | J16: 101 | K16: 7201 | L16: =I16/J16 -> 1 | M16: =K16/J16 -> 71.29703 | N16: =J16/H16 -> 5.05 | O16: =10*G16/J16 -> 17.821782 | P16: =10*G16/H16 -> 90 | Q16: =H16/10 -> 2 | R16: =I16/10 -> 10.1 | S16: =J16/10 -> 10.1 | T16: =K16/10 -> 720.1
G17: 180 | H17: 20 | I17: 99 | J17: 99 | K17: 7199 | L17: =I17/J17 -> 1 | M17: =K17/J17 -> 72.717172 | N17: =J17/H17 -> 4.95 | O17: =10*G17/J17 -> 18.181818 | P17: =10*G17/H17 -> 90 | Q17: =H17/10 -> 2 | R17: =I17/10 -> 9.9 | S17: =J17/10 -> 9.9 | T17: =K17/10 -> 719.9
G18: 180 | H18: 20 | I18: 400 | J18: 400 | K18: 7200 | L18: =I18/J18 -> 1 | M18: =K18/J18 -> 18 | N18: =J18/H18 -> 20 | O18: =10*G18/J18 -> 4.5 | P18: =10*G18/H18 -> 90 | Q18: =H18/10 -> 2 | R18: =I18/10 -> 40 | S18: =J18/10 -> 40 | T18: =K18/10 -> 720
G19: 180 | H19: 20 | I19: 500 | J19: 400 | K19: 7200 | L19: =I19/J19 -> 1.25 | M19: =K19/J19 -> 18 | N19: =J19/H19 -> 20 | O19: =10*G19/J19 -> 4.5 | P19: =10*G19/H19 -> 90 | Q19: =H19/10 -> 2 | R19: =I19/10 -> 50 | S19: =J19/10 -> 40 | T19: =K19/10 -> 720
G20: 180 | H20: 20 | I20: 501 | J20: 405 | K20: 7201 | L20: =I20/J20 -> 1.237037 | M20: =K20/J20 -> 17.780247 | N20: =J20/H20 -> 20.25 | O20: =10*G20/J20 -> 4.4444444 | P20: =10*G20/H20 -> 90 | Q20: =H20/10 -> 2 | R20: =I20/10 -> 50.1 | S20: =J20/10 -> 40.5 | T20: =K20/10 -> 720.1

Sheet status tracker
A3: LOAD | B3: DOY | C3: ON/OFF | D3: Reset | E3: Trigger | F3: Bursts | G3: Threshold | H3: Trigger | I3: Burst | J3: Burst | K3: N1 | L3: N2 | M3: N3 | N3: Status | O3: GNC Flag | P3: NOTES
D4: Trig Cntr | E4: Count | F4: Allowed | G4: (cps) | H4: Triggered | I4: Recorded | J4: Playback
A5: 23064 | B5: 64 | C5: Pwr On | D5: Y | E5: 0 | F5: 6 | K5: 180 | L5: 180 | M5: 7200 | N5: 1800 | O5: DIS | P5: First power on post hibernation
B6: 69 | C6: Pwr Off
B7: 69 | C7: Pwr On | D7: Y | E7: 0 | F7: 6 | K7: 180 | L7: 180 | M7: 7200 | N7: 1800 | O7: DIS
A8: 23086 | B8: 105 | C8: Pwr Off
A9: 23107 | B9: 109 | C9: Pwr On | D9: Y | E9: 0 | F9: 6 | K9: 180 | L9: 180 | M9: 7200 | N9: 1800 | O9: DIS
A10: 23135 | B10: 141 | C10: Pwr Off
A11: 23149 | B11: 150 | C11: Pwr On | D11: Y | E11: 0 | F11: 3 | G11: 0.01 | K11: 100 | L11: 100 | M11: 7200 | N11: 1800 | O11: DIS | P11: Updated rates, set threshold to super low, updated burst limit to 3
B12: 151 | E12: 1 | F12: 3 | G12: 0.01 | H12: Y | I12: Y | J12: can erase? | P12: burst #1
B13: 153 | E13: 2 | F13: 3 | G13: 0.01 | H13: Y | I13: Y | J13: pb ths too? | P13: burst #2
B14: 155 | E14: 3 | F14: 3 | G14: 0.01 | H14: Y | I14: Y | J14: 24057? | P14: burst #3
B15: 157 | E15: 4 | F15: 3 | H15: Y | I15: N | P15: 4th trigger exceeded burst limit, this advanced trigger count to 4, but did not record anything
B16: 170 | D16: N | F16: 6 | G16: 0.2 | P16: set threshold to .2, upped limit to 6, did not reset trigger counter
A17: 23170 | B17: 182 | D17: N | E17: 5 | F17: 6 | G17: 0.2 | H17: Y | I17: Y | J17: 23-344 | P17: burst #4
A18: 23191 | B18: 194 | E18: 6 | F18: 6 | G18: 0.2 | H18: Y | I18: Y | J18: 23-359 | P18: burst #5
A19: 23212 | B19: 216 | C19: Pwr Off
B20: 221 | C20: Pwr On | D20: N | F20: 6 | G20: 1.5 | K20: 100 | L20: 100 | M20: 7200 | N20: 1800 | O20: ENA | P20: GNC flag enabled first time - after entering 3-axis mode
A21: 23233 | B21: 231 | C21: Pwr Off
B22: 234 | C22: Pwr On | D22: N | F22: 12 | G22: 1.5 | K22: 100 | L22: 100 | M22: 7200 | N22: 1800 | O22: ENA | P22: 3-axis
A23: 23245 | B23: 254 | C23: Pwr Off
B24: 247 | C24: Pwr On | D24: N | F24: 12 | G24: 1.5 | K24: 100 | L24: 100 | M24: 7200 | N24: 1800 | O24: ENA | P24: 3-axis
A25: 23254 | B25: 260 | C25: Pwr Off
B26: 261 | C26: Pwr On | D26: N | F26: 12 | G26: 1.5 | K26: 100 | L26: 100 | M26: 7200 | N26: 1800 | O26: ENA | P26: 3-axis
B27: 263 | C27: Pwr Off
B28: 266 | C28: Pwr On | D28: N | F28: 12 | G28: 1.5 | K28: 100 | L28: 100 | M28: 7200 | N28: 1800 | O28: ENA | P28: 3-axis
B29: 269 | C29: Pwr Off
B30: 270 | C30: Pwr On | D30: N | F30: 12 | G30: 1.5 | K30: 100 | L30: 100 | M30: 7200 | N30: 1800 | O30: DIS | P30: Disable after returning to spinning mode
A31: 23275 | B31: 275 | G31: 0.4 | P31: Update threshold to .4 cps
A32: 23296 | B32: 311 | E32: 7 | F32: 12 | H32: Y | I32: Y | J32: 23-362 | P32: burst #6
A33: 24015 | B33: 15 | D33: N | F33: 13 | G33: 0.4 | P33: Update bursts allowed to 13
A34: 24036 | B34: 41 | C34: Pwr Off
A35: 24036 | B35: 41 | C35: Pwr On | D35: N | F35: 13 | G35: 1.5 | K35: 100 | L35: 100 | M35: 7200 | N35: 1800 | O35: DIS
A36: 24036 | B36: 48 | C36: Pwr Off
A37: 24036 | B37: 48 | C37: Pwr On | D37: N | F37: 13 | G37: 1.5 | K37: 100 | L37: 100 | M37: 7200 | N37: 1800 | O37: DIS

Sheet totals
C5: bytes/sec | D5: bytes
A6: doy 0 - 50 | B6: 50 | C6: 2.0494444 | D6: =B6*3600*24*C6 -> 8853600 | E6: =D6*8/1000000 -> 70.8288
B7: 23170 | C7: 2.0494444 | D7: 23446877 | E7: =D7*8/1000000 -> 187.57502
B8: 23191 | C8: 3.382775 | D8: 22217222 | E8: =D8*8/1000000 -> 177.73778 | H8: switch to new rate during 23191
B9: 23212 | D9: 3687498.8 | E9: =D9*8/1000000 -> 29.49999
B10: 23338 | D10: 18829320 | E10: =D10*8/1000000 -> 150.63456
B11: 23360 | D11: 24734847 | E11: =D11*8/1000000 -> 197.87878
A12: doy 353-365 | B12: 12 | C12: 3.382775 | D12: =B12*3600*24*C12 -> 3507261.1 | E12: =D12*8/1000000 -> 28.058089
D13: =SUM(D6:D12) -> 1.0527663e+08 | E13: =SUM(E6:E12) -> 842.21301

Sheet 22144-hibernation 2022 +
C2: V4 operation in sequence 22080
H3: packet size (bits)
H4: max bits | I4: historical size | J4: Enabled? | K4: integration time (s) | L4: bps | M4: sec/day | N4: data collection (days) | P4: Total recorded data (Mbits)/year | Q4: Total downlinked data (Mbits)/year
F5: Survey Data
G6: N1 | H6: 5680 | I6: 2400 | J6: 1 | K6: 3600 | L6: =J6*I6/K6 -> 0.66666667 | M6: =3600*24 -> 86400 | N6: 22 | P6: =L6*M6*N6/1000000 -> 1.2672 | Q6: =P6 -> 1.2672
G7: N2 normal | H7: 4928 | I7: 1920 | J7: 1 | K7: 90 | L7: =J7*I7/K7 -> 21.333333 | M7: =3600*24 -> 86400 | N7: =N6 -> 22 | P7: =L7*M7*N7/1000000 -> 40.5504 | Q7: =P7 -> 40.5504
G8: N3+ extra | H8: 64000 | I8: 20000 | J8: 1 | K8: 7200 | L8: =J8*I8/K8 -> 2.7777778 | M8: =3600*24 -> 86400 | N8: =N6 -> 22 | P8: =L8*M8*N8/1000000 -> 5.28 | Q8: =P8 -> 5.28
G9: HK/status | H9: 512 | I9: =H9 -> 512 | J9: 1 | K9: 1800 | L9: =J9*I9/K9 -> 0.28444444 | M9: =3600*24 -> 86400 | N9: =N6 -> 22 | P9: =L9*M9*N9/1000000 -> 0.540672 | Q9: =P9 -> 0.540672
K10: =IF(AND( (K6/K7)=INT(K6/K7), (K8/K7)=INT(K8/K7) ), " ", "error") | P10: =SUM(P6:P9) -> 47.638272 | Q10: =SUM(Q6:Q9) -> 47.638272
H12: max bits | I12: historical size | J12: Enabled? | K12: integration time (s) | L12: bps | M12: sec/day | P12: Total recorded data (Mbits)/year | Q12: Total downlinked data (Mbits)/year
F13: Burst Data
G14: High Time Resolution Buffered Rate (10) Data | H14: 8480 | I14: 2900 | J14: 1 | K14: =I22*64 -> 1280 | L14: =J14*I14/K14 -> 2.265625 | M14: =3600*24 -> 86400 | P14: =L14*M14*I25*((I23+I24))/1000000 -> 0 | Q14: =L14*M14*I26*((I23+I24))/1000000 -> 0
G15: Trigger assessment data | H15: 992 | I15: 600 | J15: 1 | K15: =I22*64 -> 1280 | L15: =J15*I15/K15 -> 0.46875 | M15: =3600*24 -> 86400 | P15: =L15*M15*I25*((I23+I24))/1000000 -> 0 | Q15: =L15*M15*I26*((I23+I24))/1000000 -> 0
G16: N2 burst data | H16: =H7 -> 4928 | I16: 1400 | J16: 1 | K16: =I22 -> 20 | L16: =J16*I16/K16 -> 70 | M16: =3600*24 -> 86400 | P16: =L16*M16*I25*I24/1000000 -> 0 | Q16: =L16*M16*I26*I24/1000000 -> 0
P17: =SUM(P14:P16) -> 0 | Q17: =SUM(Q14:Q16) -> 0
F19: Total | P19: =P10+P17 -> 47.638272 | Q19: =Q10+Q17 -> 47.638272 | R19: Mbits
F21: Assumptions
F22: Commanded N2Monitor int time | I22: 20
F23: pre-trigger data (days) | I23: =0.7*I22/10 -> 1.4
F24: post-trigger data (days) | I24: 2
F25: Number of bursts occurring/year assumed | I25: 0
F26: # of N2 bursts downlinked/year assumed | I26: 0
Y28: No MLI
N29: =1/30/24 -> 0.0013888889
C32: Power On Portion of V5 load and test
H33: packet size (bits)
H34: max bits | I34: historical size | J34: Enabled? | K34: integration time (s) | L34: bps | M34: sec/day | N34: data collection (days) | P34: Total recorded data (Mbits)/year | Q34: Total downlinked data (Mbits)/year
F35: Survey Data
G36: N1 | H36: 5680 | I36: 3200 | J36: 1 | K36: 3600 | L36: =J36*I36/K36 -> 0.88888889 | M36: =3600*24 -> 86400 | N36: =1/24 -> 0.041666667 | P36: =L36*M36*N36/1000000 -> 0.0032 | Q36: =P36 -> 0.0032
G37: N2 normal | H37: 4928 | I37: 1920 | J37: 1 | K37: 90 | L37: =J37*I37/K37 -> 21.333333 | M37: =3600*24 -> 86400 | N37: =N36 -> 0.041666667 | P37: =L37*M37*N37/1000000 -> 0.0768 | Q37: =P37 -> 0.0768
C38: The historical size of the packets | G38: N3+ extra | H38: 64000 | I38: 32080 | J38: 1 | K38: 7200 | L38: =J38*I38/K38 -> 4.4555556 | M38: =3600*24 -> 86400 | N38: =N36 -> 0.041666667 | P38: =L38*M38*N38/1000000 -> 0.01604 | Q38: =P38 -> 0.01604
C39: probably are too high. | E39: --> | G39: HK/status | H39: 512 | I39: =H39 -> 512 | J39: 1 | K39: 1 | L39: =J39*I39/K39 -> 512 | M39: =3600*24 -> 86400 | N39: =N36 -> 0.041666667 | P39: =L39*M39*N39/1000000 -> 1.8432 | Q39: =P39 -> 1.8432
K40: =IF(AND( (K36/K37)=INT(K36/K37), (K38/K37)=INT(K38/K37) ), " ", "error") | P40: =SUM(P36:P39) -> 1.93924 | Q40: =SUM(Q36:Q39) -> 1.93924
H42: max bits | I42: historical size | J42: Enabled? | K42: integration time (s) | L42: bps | M42: sec/day | P42: Total recorded data (Mbits)/year | Q42: Total downlinked data (Mbits)/year
F43: Burst Data
G44: High Time Resolution Buffered Rate (10) Data | H44: 8480 | I44: =I$14 -> 2900 | J44: 1 | K44: =I52*64 -> 1280 | L44: =J44*I44/K44 -> 2.265625 | M44: =3600*24 -> 86400 | P44: =L44*M44*I55*((I53+I54))/1000000 -> 0 | Q44: =L44*M44*I56*((I53+I54))/1000000 -> 0
G45: Trigger assessment data | H45: 992 | I45: =I$15 -> 600 | J45: 1 | K45: =I52*64 -> 1280 | L45: =J45*I45/K45 -> 0.46875 | M45: =3600*24 -> 86400 | P45: =L45*M45*I55*((I53+I54))/1000000 -> 0 | Q45: =L45*M45*I56*((I53+I54))/1000000 -> 0
G46: N2 burst data | H46: =H37 -> 4928 | I46: =I$16 -> 1400 | J46: 1 | K46: =I52 -> 20 | L46: =J46*I46/K46 -> 70 | M46: =3600*24 -> 86400 | P46: =L46*M46*I55*I54/1000000 -> 0 | Q46: =L46*M46*I56*I54/1000000 -> 0
P47: =SUM(P44:P46) -> 0 | Q47: =SUM(Q44:Q46) -> 0
F49: Total | P49: =P40+P47 -> 1.93924 | Q49: =Q40+Q47 -> 1.93924 | R49: Mbits
F51: Assumptions | K51: a | L51: b
F52: Commanded N2Monitor int time | I52: 20 | K52: 1 | L52: 2
F53: pre-trigger data (days) | I53: =0.7*I52/10 -> 1.4 | K53: 3 | L53: 6 | M53: =IF((K53/L53)=INT(K53/L53), "good", "bad") -> bad
F54: post-trigger data (days) | I54: 2 | K54: 1 | L54: 2 | M54: =IF((K54/L54)=INT(K54/L54), "good", "bad") -> bad
F55: Number of bursts occurring/year assumed | I55: 0 | K55: 1 | L55: 2 | M55: =IF((K55/L55)=INT(K55/L55), "good", "bad") -> bad
F56: # of N2 bursts downlinked/year assumed | I56: 0
Y58: No MLI
C60: Run V5 in HV Basic Mode
H61: packet size (bits)
H62: max bits | I62: historical size | J62: Enabled? | K62: integration time (s) | L62: bps | M62: sec/day | N62: data collection (days) | P62: Total recorded data (Mbits)/year | Q62: Total downlinked data (Mbits)/year
F63: Survey Data
G64: N1 | H64: 5680 | I64: =I$6 -> 2400 | J64: 1 | K64: 180 | L64: =J64*I64/K64 -> 13.333333 | M64: =3600*24 -> 86400 | N64: 3 | P64: =L64*M64*N64/1000000 -> 3.456 | Q64: =P64 -> 3.456
G65: N2 normal | H65: 4928 | I65: =I$7 -> 1920 | J65: 1 | K65: 180 | L65: =J65*I65/K65 -> 10.666667 | M65: =3600*24 -> 86400 | N65: =N64 -> 3 | P65: =L65*M65*N65/1000000 -> 2.7648 | Q65: =P65 -> 2.7648
G66: N3+ extra | H66: 64000 | I66: =I$8 -> 20000 | J66: 1 | K66: 7200 | L66: =J66*I66/K66 -> 2.7777778 | M66: =3600*24 -> 86400 | N66: =N64 -> 3 | P66: =L66*M66*N66/1000000 -> 0.72 | Q66: =P66 -> 0.72
G67: HK/status | H67: 512 | I67: =H67 -> 512 | J67: 1 | K67: 1800 | L67: =J67*I67/K67 -> 0.28444444 | M67: =3600*24 -> 86400 | N67: =N64 -> 3 | P67: =L67*M67*N67/1000000 -> 0.073728 | Q67: =P67 -> 0.073728
K68: =IF(AND( (K64/K65)=INT(K64/K65), (K66/K65)=INT(K66/K65) ), " ", "error") | P68: =SUM(P64:P67) -> 7.014528 | Q68: =SUM(Q64:Q67) -> 7.014528
H70: max bits | I70: historical size | J70: Enabled? | K70: integration time (s) | L70: bps | M70: sec/day | N70: data collection (days) | P70: Total recorded data (Mbits)/year | Q70: Total downlinked data (Mbits)/year
F71: Burst Data
G72: High Time Resolution Buffered Rate (10) Data | H72: 8480 | I72: =I$14 -> 2900 | J72: 1 | K72: =I80*64 -> 1280 | L72: =J72*I72/K72 -> 2.265625 | M72: =3600*24 -> 86400 | N72: =I83*(I81+I82) -> 0 | P72: =L72*M72*I83*((I81+I82))/1000000 -> 0 | Q72: =L72*M72*I84*((I81+I82))/1000000 -> 0
G73: Trigger assessment data | H73: 992 | I73: =I$15 -> 600 | J73: 1 | K73: =I80*64 -> 1280 | L73: =J73*I73/K73 -> 0.46875 | M73: =3600*24 -> 86400 | N73: =N72 -> 0 | P73: =L73*M73*I83*((I81+I82))/1000000 -> 0 | Q73: =L73*M73*I84*((I81+I82))/1000000 -> 0
G74: N2 burst data | H74: =H65 -> 4928 | I74: =I$16 -> 1400 | J74: 1 | K74: =I80 -> 20 | L74: =J74*I74/K74 -> 70 | M74: =3600*24 -> 86400 | N74: =I84*I82 -> 0 | P74: =L74*M74*I83*I82/1000000 -> 0 | Q74: =L74*M74*I84*I82/1000000 -> 0
P75: =SUM(P72:P74) -> 0 | Q75: =SUM(Q72:Q74) -> 0
F77: Total | P77: =P68+P75 -> 7.014528 | Q77: =Q68+Q75 -> 7.014528 | R77: Mbits
F79: Assumptions
F80: Commanded N2Monitor int time | I80: 20
F81: pre-trigger data (days) | I81: =0.7*I80/10 -> 1.4
F82: post-trigger data (days) | I82: 2
F83: Number of bursts occurring/year assumed | I83: 0
F84: # of N2 bursts downlinked/year assumed | I84: 0
Y86: No MLI
C90: Run V5 in HV with Trigger Enabled (gincludes one forced trigger and possibly 2 natural ones)
H91: packet size (bits)
H92: max bits | I92: historical size | J92: Enabled? | K92: integration time (s) | L92: bps | M92: sec/day | N92: data collection (days) | O92: months/ year | P92: Total recorded data (Mbits)/year | Q92: Total downlinked data (Mbits)/year
F93: Survey Data
G94: N1 | H94: 5680 | I94: =I$6 -> 2400 | J94: 1 | K94: 180 | L94: =J94*I94/K94 -> 13.333333 | M94: =3600*24 -> 86400 | N94: 19.2 | P94: =L94*M94*N94/1000000 -> 22.1184 | Q94: =P94 -> 22.1184
G95: N2 normal | H95: 4928 | I95: =I$7 -> 1920 | J95: 0 | K95: 180 | L95: =J95*I95/K95 -> 0 | M95: =3600*24 -> 86400 | N95: =N94 -> 19.2 | P95: =L95*M95*N95/1000000 -> 0 | Q95: =P95 -> 0
G96: N3+ extra | H96: 64000 | I96: =I$8 -> 20000 | J96: 1 | K96: 7200 | L96: =J96*I96/K96 -> 2.7777778 | M96: =3600*24 -> 86400 | N96: =N94 -> 19.2 | P96: =L96*M96*N96/1000000 -> 4.608 | Q96: =P96 -> 4.608
G97: HK/status | H97: 512 | I97: =H97 -> 512 | J97: 1 | K97: 1800 | L97: =J97*I97/K97 -> 0.28444444 | M97: =3600*24 -> 86400 | N97: =N94 -> 19.2 | P97: =L97*M97*N97/1000000 -> 0.4718592 | Q97: =P97 -> 0.4718592
K98: =IF(AND( (K94/K95)=INT(K94/K95), (K96/K95)=INT(K96/K95) ), " ", "error") | P98: =SUM(P94:P97) -> 27.198259 | Q98: =SUM(Q94:Q97) -> 27.198259
H100: max bits | I100: historical size | J100: Enabled? | K100: integration time (s) | L100: bps | M100: sec/day | N100: data collection (days) | O100: months/ year | P100: Total recorded data (Mbits)/year | Q100: Total downlinked data (Mbits)/year
F101: Burst Data
G102: High Time Resolution Buffered Rate (10) Data | H102: 8480 | I102: =I$14 -> 2900 | J102: 1 | K102: =I110*64 -> 1280 | L102: =J102*I102/K102 -> 2.265625 | M102: =3600*24 -> 86400 | P102: =L102*M102*I113*((I111+I112))/1000000 -> 1.3311 | Q102: =L102*M102*I114*((I111+I112))/1000000 -> 1.3311
G103: Trigger assessment data | H103: 992 | I103: =I$15 -> 600 | J103: 1 | K103: =I110*64 -> 1280 | L103: =J103*I103/K103 -> 0.46875 | M103: =3600*24 -> 86400 | P103: =L103*M103*I113*((I111+I112))/1000000 -> 0.2754 | Q103: =L103*M103*I114*((I111+I112))/1000000 -> 0.2754
G104: N2 burst data | H104: =H95 -> 4928 | I104: =I$16 -> 1400 | J104: 1 | K104: =I110 -> 20 | L104: =J104*I104/K104 -> 70 | M104: =3600*24 -> 86400 | P104: =L104*M104*I113*I112/1000000 -> 24.192 | Q104: =L104*M104*I114*I112/1000000 -> 24.192
P105: =SUM(P102:P104) -> 25.7985 | Q105: =SUM(Q102:Q104) -> 25.7985
F107: Total | P107: =P98+P105 -> 52.996759 | Q107: =Q98+Q105 -> 52.996759 | R107: Mbits
F109: Assumptions
F110: Commanded N2Monitor int time | I110: 20
F111: pre-trigger data (days) | I111: =0.7*I110/10 -> 1.4
F112: post-trigger data (days) | I112: 2
F113: Number of bursts occurring/year assumed | I113: 2
F114: # of N2 bursts downlinked/year assumed | I114: 2
C119: Test 3 Portion of V5 load and test
H120: packet size (bits)
H121: max bits | I121: historical size | J121: Enabled? | K121: integration time (s) | L121: bps | M121: sec/day | N121: data collection (days) | O121: months/ year | P121: Total recorded data (Mbits)/year | Q121: Total downlinked data (Mbits)/year
F122: Survey Data
G123: N1 | H123: 5680 | I123: =I$6 -> 2400 | J123: 1 | K123: 180 | L123: =J123*I123/K123 -> 13.333333 | M123: =3600*24 -> 86400 | N123: 30 | O123: 0.1 | P123: =L123*M123*N123*O123/1000000 -> 3.456 | Q123: =P123 -> 3.456
G124: N2 normal | H124: 4928 | I124: =I$7 -> 1920 | J124: 0 | K124: 180 | L124: =J124*I124/K124 -> 0 | M124: =3600*24 -> 86400 | N124: 30 | O124: 0.1 | P124: =L124*M124*N124*O124/1000000 -> 0 | Q124: =P124 -> 0
G125: N3+ extra | H125: 64000 | I125: =I$8 -> 20000 | J125: 1 | K125: 7200 | L125: =J125*I125/K125 -> 2.7777778 | M125: =3600*24 -> 86400 | N125: 30 | O125: 0.1 | P125: =L125*M125*N125*O125/1000000 -> 0.72 | Q125: =P125 -> 0.72
G126: HK/status | H126: 512 | I126: =H126 -> 512 | J126: 1 | K126: 1800 | L126: =J126*I126/K126 -> 0.28444444 | M126: =3600*24 -> 86400 | N126: 30 | O126: 0.1 | P126: =L126*M126*N126*O126/1000000 -> 0.073728 | Q126: =P126 -> 0.073728
...

Sheet 24267_pepssi
A1: 267 23:04:12 | B1: 267 14:48:11 | C1: 589408807 | D1: 1 | E1: C&DH #1 | F1: TT 21 | G1: SSR_LO_RCRD_SYNC PEPSSI_DT3 | I1: TRK_267_2
A2: 267 23:04:15 | B2: 267 14:48:14 | C2: 589408810 | D2: 1 | E2: C&DH #1 | F2: TT 21 | G2: SSR_LO_RCRD_SYNC PEPSSI_DT4 | I2: TRK_267_2
A3: 267 23:04:35 | B3: 267 14:48:34 | C3: 589408830 | D3: 1 | E3: C&DH #1 | F3: TT 22 | G3: SSR_LO_RCRD_SYNC PEPSSI_DT1
A4: 267 23:04:38 | B4: 267 14:48:37 | C4: 589408833 | D4: 1 | E4: C&DH #1 | F4: TT 22 | G4: SSR_LO_RCRD_SYNC PEPSSI_DT2
A5: 268 09:23:17 | B5: 268 01:07:11 | C5: 589445947 | D5: 1 | E5: C&DH #1 | F5: TT 34 | G5: SSR_LO_RCRD_SYNC PEPSSI_DT3 | I5: TRK_268_1
A6: 268 09:23:20 | B6: 268 01:07:14 | C6: 589445950 | D6: 1 | E6: C&DH #1 | F6: TT 34 | G6: SSR_LO_RCRD_SYNC PEPSSI_DT4 | I6: TRK_268_1
A7: 268 09:23:40 | B7: 268 01:07:34 | C7: 589445970 | D7: 1 | E7: C&DH #1 | F7: TT 35 | G7: SSR_LO_RCRD_SYNC PEPSSI_DT1
A8: 268 09:23:43 | B8: 268 01:07:37 | C8: 589445973 | D8: 1 | E8: C&DH #1 | F8: TT 35 | G8: SSR_LO_RCRD_SYNC PEPSSI_DT2
A9: 268 12:17:43 | B9: 268 04:01:35 | C9: 589456411 | D9: 1 | E9: C&DH #1 | F9: TT 36 | G9: SSR_LO_RCRD_SYNC PEPSSI_DT3 | I9: P12_cdh04_08_SSR1_serase_seg_0_and_3
A10: 268 12:17:46 | B10: 268 04:01:38 | C10: 589456414 | D10: 1 | E10: C&DH #1 | F10: TT 36 | G10: SSR_LO_RCRD_SYNC PEPSSI_DT3 | I10: P12_cdh04_08_SSR1_serase_seg_0_and_3
A11: 268 12:18:37 | B11: 268 04:02:29 | C11: 589456465 | D11: 1 | E11: C&DH #1 | F11: TT 36 | G11: SSR_LO_RCRD_SYNC PEPSSI_DT4 | I11: P12_cdh04_08_SSR1_serase_seg_0_and_3
A12: 268 12:18:40 | B12: 268 04:02:32 | C12: 589456468 | D12: 1 | E12: C&DH #1 | F12: TT 36 | G12: SSR_LO_RCRD_SYNC PEPSSI_DT4 | I12: P12_cdh04_08_SSR1_serase_seg_0_and_3
A13: 268 12:20:31 | B13: 268 04:04:23 | C13: 589456579 | D13: 1 | E13: C&DH #1 | F13: TT 36 | G13: SSR_LO_RCRD_SYNC PEPSSI_DT1 | I13: P12_cdh04_08_SSR1_serase_seg_0_and_3
A14: 268 12:20:34 | B14: 268 04:04:26 | C14: 589456582 | D14: 1 | E14: C&DH #1 | F14: TT 36 | G14: SSR_LO_RCRD_SYNC PEPSSI_DT1 | I14: P12_cdh04_08_SSR1_serase_seg_0_and_3
A15: 268 12:20:37 | B15: 268 04:04:29 | C15: 589456585 | D15: 1 | E15: C&DH #1 | F15: TT 36 | G15: SSR_LO_RCRD_SYNC PEPSSI_DT2 | I15: P12_cdh04_08_SSR1_serase_seg_0_and_3
A16: 268 12:20:40 | B16: 268 04:04:32 | C16: 589456588 | D16: 1 | E16: C&DH #1 | F16: TT 36 | G16: SSR_LO_RCRD_SYNC PEPSSI_DT2 | I16: P12_cdh04_08_SSR1_serase_seg_0_and_3
A17: 269 01:58:26 | B17: 268 17:42:11 | C17: 589505647 | D17: 1 | E17: C&DH #1 | F17: TT 53 | G17: SSR_LO_RCRD_SYNC PEPSSI_DT3 | I17: TRK_268_2
A18: 269 01:58:29 | B18: 268 17:42:14 | C18: 589505650 | D18: 1 | E18: C&DH #1 | F18: TT 53 | G18: SSR_LO_RCRD_SYNC PEPSSI_DT4 | I18: TRK_268_2
A19: 269 01:58:49 | B19: 268 17:42:34 | C19: 589505670 | D19: 1 | E19: C&DH #1 | F19: TT 54 | G19: SSR_LO_RCRD_SYNC PEPSSI_DT1
A20: 269 01:58:52 | B20: 268 17:42:37 | C20: 589505673 | D20: 1 | E20: C&DH #1 | F20: TT 54 | G20: SSR_LO_RCRD_SYNC PEPSSI_DT2
A21: 269 23:58:37 | B21: 269 15:42:11 | C21: 589584847 | D21: 1 | E21: C&DH #1 | F21: TT 68 | G21: SSR_LO_RCRD_SYNC PEPSSI_DT3 | I21: TRK_269_1
A22: 269 23:58:40 | B22: 269 15:42:14 | C22: 589584850 | D22: 1 | E22: C&DH #1 | F22: TT 68 | G22: SSR_LO_RCRD_SYNC PEPSSI_DT4 | I22: TRK_269_1
A23: 269 23:59:00 | B23: 269 15:42:34 | C23: 589584870 | D23: 1 | E23: C&DH #1 | F23: TT 69 | G23: SSR_LO_RCRD_SYNC PEPSSI_DT1
A24: 269 23:59:03 | B24: 269 15:42:37 | C24: 589584873 | D24: 1 | E24: C&DH #1 | F24: TT 69 | G24: SSR_LO_RCRD_SYNC PEPSSI_DT2
A25: 271 00:13:49 | B25: 270 15:57:11 | C25: 589672147 | D25: 1 | E25: C&DH #1 | F25: TT 91 | G25: SSR_LO_RCRD_SYNC PEPSSI_DT3 | I25: TRK_270_1
A26: 271 00:13:52 | B26: 270 15:57:14 | C26: 589672150 | D26: 1 | E26: C&DH #1 | F26: TT 91 | G26: SSR_LO_RCRD_SYNC PEPSSI_DT4 | I26: TRK_270_1
A27: 271 00:14:12 | B27: 270 15:57:34 | C27: 589672170 | D27: 1 | E27: C&DH #1 | F27: TT 92 | G27: SSR_LO_RCRD_SYNC PEPSSI_DT1
A28: 271 00:14:15 | B28: 270 15:57:37 | C28: 589672173 | D28: 1 | E28: C&DH #1 | F28: TT 92 | G28: SSR_LO_RCRD_SYNC PEPSSI_DT2
A29: 272 01:18:02 | B29: 271 17:01:11 | C29: 589762387 | D29: 1 | E29: C&DH #1 | F29: TT 108 | G29: SSR_LO_RCRD_SYNC PEPSSI_DT3 | I29: TRK_271_1
A30: 272 01:18:05 | B30: 271 17:01:14 | C30: 589762390 | D30: 1 | E30: C&DH #1 | F30: TT 108 | G30: SSR_LO_RCRD_SYNC PEPSSI_DT4 | I30: TRK_271_1
A31: 272 01:18:25 | B31: 271 17:01:34 | C31: 589762410 | D31: 1 | E31: C&DH #1 | F31: TT 109 | G31: SSR_LO_RCRD_SYNC PEPSSI_DT1
A32: 272 01:18:28 | B32: 271 17:01:37 | C32: 589762413 | D32: 1 | E32: C&DH #1 | F32: TT 109 | G32: SSR_LO_RCRD_SYNC PEPSSI_DT2
A33: 273 00:12:14 | B33: 272 15:55:11 | C33: 589844827 | D33: 1 | E33: C&DH #1 | F33: TT 126 | G33: SSR_LO_RCRD_SYNC PEPSSI_DT3 | I33: TRK_272_1
A34: 273 00:12:17 | B34: 272 15:55:14 | C34: 589844830 | D34: 1 | E34: C&DH #1 | F34: TT 126 | G34: SSR_LO_RCRD_SYNC PEPSSI_DT4 | I34: TRK_272_1
A35: 273 00:12:37 | B35: 272 15:55:34 | C35: 589844850 | D35: 1 | E35: C&DH #1 | F35: TT 127 | G35: SSR_LO_RCRD_SYNC PEPSSI_DT1
A36: 273 00:12:40 | B36: 272 15:55:37 | C36: 589844853 | D36: 1 | E36: C&DH #1 | F36: TT 127 | G36: SSR_LO_RCRD_SYNC PEPSSI_DT2
A37: 273 10:38:19 | B37: 273 02:21:11 | C37: 589882387 | D37: 1 | E37: C&DH #1 | F37: TT 143 | G37: SSR_LO_RCRD_SYNC PEPSSI_DT3 | I37: TRK_273_1
A38: 273 10:38:22 | B38: 273 02:21:14 | C38: 589882390 | D38: 1 | E38: C&DH #1 | F38: TT 143 | G38: SSR_LO_RCRD_SYNC PEPSSI_DT4 | I38: TRK_273_1
A39: 273 10:38:42 | B39: 273 02:21:34 | C39: 589882410 | D39: 1 | E39: C&DH #1 | F39: TT 144 | G39: SSR_LO_RCRD_SYNC PEPSSI_DT1
A40: 273 10:38:45 | B40: 273 02:21:37 | C40: 589882413 | D40: 1 | E40: C&DH #1 | F40: TT 144 | G40: SSR_LO_RCRD_SYNC PEPSSI_DT2
A41: 274 02:03:27 | B41: 273 17:46:11 | C41: 589937887 | D41: 1 | E41: C&DH #1 | F41: TT 166 | G41: SSR_LO_RCRD_SYNC PEPSSI_DT3 | I41: TRK_273_3
A42: 274 02:03:30 | B42: 273 17:46:14 | C42: 589937890 | D42: 1 | E42: C&DH #1 | F42: TT 166 | G42: SSR_LO_RCRD_SYNC PEPSSI_DT4 | I42: TRK_273_3
A43: 274 02:03:50 | B43: 273 17:46:34 | C43: 589937910 | D43: 1 | E43: C&DH #1 | F43: TT 167 | G43: SSR_LO_RCRD_SYNC PEPSSI_DT1
A44: 274 02:03:53 | B44: 273 17:46:37 | C44: 589937913 | D44: 1 | E44: C&DH #1 | F44: TT 167 | G44: SSR_LO_RCRD_SYNC PEPSSI_DT2
A45: 275 00:53:39 | B45: 274 16:36:11 | C45: 590020087 | D45: 1 | E45: C&DH #1 | F45: TT 180 | G45: SSR_LO_RCRD_SYNC PEPSSI_DT3 | I45: TRK_274_1
A46: 275 00:53:42 | B46: 274 16:36:14 | C46: 590020090 | D46: 1 | E46: C&DH #1 | F46: TT 180 | G46: SSR_LO_RCRD_SYNC PEPSSI_DT4 | I46: TRK_274_1
A47: 275 00:54:02 | B47: 274 16:36:34 | C47: 590020110 | D47: 1 | E47: C&DH #1 | F47: TT 181 | G47: SSR_LO_RCRD_SYNC PEPSSI_DT1
A48: 275 00:54:05 | B48: 274 16:36:37 | C48: 590020113 | D48: 1 | E48: C&DH #1 | F48: TT 181 | G48: SSR_LO_RCRD_SYNC PEPSSI_DT2
A49: 275 09:58:44 | B49: 275 01:41:11 | C49: 590052787 | D49: 1 | E49: C&DH #1 | F49: TT 193 | G49: SSR_LO_RCRD_SYNC PEPSSI_DT3 | I49: TRK_275_1
A50: 275 09:58:47 | B50: 275 01:41:14 | C50: 590052790 | D50: 1 | E50: C&DH #1 | F50: TT 193 | G50: SSR_LO_RCRD_SYNC PEPSSI_DT4 | I50: TRK_275_1
A51: 275 09:59:07 | B51: 275 01:41:34 | C51: 590052810 | D51: 1 | E51: C&DH #1 | F51: TT 194 | G51: SSR_LO_RCRD_SYNC PEPSSI_DT1
A52: 275 09:59:10 | B52: 275 01:41:37 | C52: 590052813 | D52: 1 | E52: C&DH #1 | F52: TT 194 | G52: SSR_LO_RCRD_SYNC PEPSSI_DT2
A53: 276 01:13:51 | B53: 275 16:56:11 | C53: 590107687 | D53: 1 | E53: C&DH #1 | F53: TT 220 | G53: SSR_LO_RCRD_SYNC PEPSSI_DT3 | I53: TRK_275_2
A54: 276 01:13:54 | B54: 275 16:56:14 | C54: 590107690 | D54: 1 | E54: C&DH #1 | F54: TT 220 | G54: SSR_LO_RCRD_SYNC PEPSSI_DT4 | I54: TRK_275_2
A55: 276 01:14:14 | B55: 275 16:56:34 | C55: 590107710 | D55: 1 | E55: C&DH #1 | F55: TT 221 | G55: SSR_LO_RCRD_SYNC PEPSSI_DT1
A56: 276 01:14:17 | B56: 275 16:56:37 | C56: 590107713 | D56: 1 | E56: C&DH #1 | F56: TT 221 | G56: SSR_LO_RCRD_SYNC PEPSSI_DT2
A57: 276 09:50:56 | B57: 276 01:33:11 | C57: 590138707 | D57: 1 | E57: C&DH #1 | F57: TT 234 | G57: SSR_LO_RCRD_SYNC PEPSSI_DT3 | I57: TRK_276_1
A58: 276 09:50:59 | B58: 276 01:33:14 | C58: 590138710 | D58: 1 | E58: C&DH #1 | F58: TT 234 | G58: SSR_LO_RCRD_SYNC PEPSSI_DT4 | I58: TRK_276_1
A59: 276 09:51:19 | B59: 276 01:33:34 | C59: 590138730 | D59: 1 | E59: C&DH #1 | F59: TT 235 | G59: SSR_LO_RCRD_SYNC PEPSSI_DT1
A60: 276 09:51:22 | B60: 276 01:33:37 | C60: 590138733 | D60: 1 | E60: C&DH #1 | F60: TT 235 | G60: SSR_LO_RCRD_SYNC PEPSSI_DT2
A61: 277 04:47:55 | B61: 276 20:30:00 | C61: 590206916 | D61: 0 | E61: PEPSI #1 | F61: TT 244 | G61: PEPSSI_MAC_RUN 2 MACRO=EXEC | I61: K2PE_PEPSSI_POWEROFF_2024_276
A62: 277 04:47:55 | B62: 276 20:30:00 | C62: 590206916 | D62: 0 | E62: PEPSI #1 | F62: DM 002 | G62: PEPSSI_HW_HV_MONITOR DIS MACRO=EXEC
A63: 277 04:47:55 | B63: 276 20:30:00 | C63: 590206916 | D63: 0 | E63: PEPSI #1 | F63: DM 002 | G63: PEPSSI_MAC_DELAY 1 MACRO=EXEC
A64: 277 04:47:56 | B64: 276 20:30:01 | C64: 590206917 | D64: 0 | E64: PEPSI #1 | F64: DM 002 | G64: PEPSSI_SET_HV_LEVEL 205 MACRO=EXEC
A65: 277 04:47:56 | B65: 276 20:30:01 | C65: 590206917 | D65: 0 | E65: PEPSI #1 | F65: DM 002 | G65: PEPSSI_BIAS_LEVEL 80 MACRO=EXEC
A66: 277 04:47:56 | B66: 276 20:30:01 | C66: 590206917 | D66: 0 | E66: PEPSI #1 | F66: DM 002 | G66: PEPSSI_MAC_DELAY 3 MACRO=EXEC
A67: 277 04:47:59 | B67: 276 20:30:04 | C67: 590206920 | D67: 0 | E67: PEPSI #1 | F67: DM 002 | G67: PEPSSI_SET_HV_LEVEL 190 MACRO=EXEC
A68: 277 04:47:59 | B68: 276 20:30:04 | C68: 590206920 | D68: 0 | E68: PEPSI #1 | F68: DM 002 | G68: PEPSSI_BIAS_LEVEL 75 MACRO=EXEC
A69: 277 04:47:59 | B69: 276 20:30:04 | C69: 590206920 | D69: 0 | E69: PEPSI #1 | F69: DM 002 | G69: PEPSSI_MAC_DELAY 3 MACRO=EXEC
A70: 277 04:48:02 | B70: 276 20:30:07 | C70: 590206923 | D70: 0 | E70: PEPSI #1 | F70: DM 002 | G70: PEPSSI_SET_HV_LEVEL 175 MACRO=EXEC
A71: 277 04:48:02 | B71: 276 20:30:07 | C71: 590206923 | D71: 0 | E71: PEPSI #1 | F71: DM 002 | G71: PEPSSI_BIAS_LEVEL 70 MACRO=EXEC
A72: 277 04:48:02 | B72: 276 20:30:07 | C72: 590206923 | D72: 0 | E72: PEPSI #1 | F72: DM 002 | G72: PEPSSI_MAC_DELAY 3 MACRO=EXEC
A73: 277 04:48:05 | B73: 276 20:30:10 | C73: 590206926 | D73: 0 | E73: PEPSI #1 | F73: DM 002 | G73: PEPSSI_SET_HV_LEVEL 160 MACRO=EXEC
... A106: 277 04:48:35 | B106: 276 20:30:40 | C106: 590206956 | D106: 0 | E106: PEPSI #1 | F106: DM 002 | G106: PEPSSI_MAC_END MACRO=EXEC
A107: 277 04:49:05 | B107: 276 20:31:10 | C107: 590206986 | D107: 7 | E107: C&DH #1 | F107: TT 244 | G107: PEPSSI_LVPS_POWER CDBOTH OFF | H107: Turn OFF PEPSSI | I107: K2PE_PEPSSI_POWEROFF_2024_276
A108: 277 04:49:10 | B108: 276 20:31:15 | C108: 590206991 | D108: 1 | E108: C&DH #1 | F108: TT 244 | G108: SSR_LO_RCRD_SYNC PEPSSI_DT1 | I108: K2PE_PEPSSI_POWEROFF_2024_276
A109: 277 04:49:14 | B109: 276 20:31:19 | C109: 590206995 | D109: 1 | E109: C&DH #1 | F109: TT 244 | G109: SSR_LO_RCRD_SYNC PEPSSI_DT1 | I109: K2PE_PEPSSI_POWEROFF_2024_276
A110: 277 04:49:19 | B110: 276 20:31:24 | C110: 590207000 | D110: 1 | E110: C&DH #1 | F110: TT 244 | G110: SSR_LO_RCRD_SYNC PEPSSI_DT2 | I110: K2PE_PEPSSI_POWEROFF_2024_276
A111: 277 04:49:23 | B111: 276 20:31:28 | C111: 590207004 | D111: 1 | E111: C&DH #1 | F111: TT 244 | G111: SSR_LO_RCRD_SYNC PEPSSI_DT2 | I111: K2PE_PEPSSI_POWEROFF_2024_276
A112: 277 04:49:28 | B112: 276 20:31:33 | C112: 590207009 | D112: 2 | E112: C&DH #1 | F112: TT 245 | G112: SSR_LO_RCRD_SYNC PEPSSI_DT3 | I112: K2PE_PEPSSI_POWEROFF_2024_276
A113: 277 04:49:32 | B113: 276 20:31:37 | C113: 590207013 | D113: 1 | E113: C&DH #1 | F113: TT 245 | G113: SSR_LO_RCRD_SYNC PEPSSI_DT3 | I113: K2PE_PEPSSI_POWEROFF_2024_276
A114: 277 04:49:37 | B114: 276 20:31:42 | C114: 590207018 | D114: 1 | E114: C&DH #1 | F114: TT 245 | G114: SSR_LO_RCRD_SYNC PEPSSI_DT4 | I114: K2PE_PEPSSI_POWEROFF_2024_276
A115: 277 04:49:41 | B115: 276 20:31:46 | C115: 590207022 | D115: 1 | E115: C&DH #1 | F115: TT 245 | G115: SSR_LO_RCRD_SYNC PEPSSI_DT4 | I115: K2PE_PEPSSI_POWEROFF_2024_276
A116: 277 09:13:08 | B116: 277 00:55:11 | C116: 590222827 | D116: 1 | E116: C&DH #1 | F116: TT 252 | G116: SSR_LO_RCRD_SYNC PEPSSI_DT3 | I116: TRK_277_1
A117: 277 09:13:11 | B117: 277 00:55:14 | C117: 590222830 | D117: 1 | E117: C&DH #1 | F117: TT 252 | G117: SSR_LO_RCRD_SYNC PEPSSI_DT4 | I117: TRK_277_1
A118: 277 09:13:31 | B118: 277 00:55:34 | C118: 590222850 | D118: 1 | E118: C&DH #1 | F118: TT 253 | G118: SSR_LO_RCRD_SYNC PEPSSI_DT1
A119: 277 09:13:34 | B119: 277 00:55:37 | C119: 590222853 | D119: 1 | E119: C&DH #1 | F119: TT 253 | G119: SSR_LO_RCRD_SYNC PEPSSI_DT2
A120: 277 16:08:01 | B120: 277 07:50:00 | C120: 590247716 | D120: 7 | E120: C&DH #1 | F120: TT 268 | G120: PEPSSI_LVPS_POWER CDBOTH ON | H120: Turn ON PEPSSI | I120: K2PE_PEPSSI_POWERON_Hibernation_2024_277
A121: 277 16:08:11 | B121: 277 07:50:10 | C121: 590247726 | D121: 0 | E121: PEPSI #1 | F121: TT 268 | G121: PEPSSI_ROM_BOOT MACRO=EXEC | I121: K2PE_PEPSSI_POWERON_Hibernation_2024_277
A122: 277 16:08:16 | B122: 277 07:50:15 | C122: 590247731 | D122: 0 | E122: PEPSI #1 | F122: TT 268 | G122: PEPSSI_ROM_GO 720896 MACRO=EXEC | I122: K2PE_PEPSSI_POWERON_Hibernation_2024_277
A123: 277 16:08:26 | B123: 277 07:50:25 | C123: 590247741 | D123: 0 | E123: PEPSI #1 | F123: TT 269 | G123: PEPSSI_STAT_CLR CMD_REJ MACRO=EXEC | I123: K2PE_PEPSSI_POWERON_Hibernation_2024_277
A124: 277 16:08:36 | B124: 277 07:50:35 | C124: 590247751 | D124: 0 | E124: PEPSI #1 | F124: TT 269 | G124: PEPSSI_MAC_RESTORE MACRO=EXEC | I124: K2PE_PEPSSI_POWERON_Hibernation_2024_277
A125: 277 16:08:46 | B125: 277 07:50:45 | C125: 590247761 | D125: 0 | E125: PEPSI #1 | F125: TT 269 | G125: PEPSSI_MAC_RUN 10 MACRO=EXEC | I125: K2PE_PEPSSI_POWERON_Hibernation_2024_277
A126: 277 16:08:46 | B126: 277 07:50:45 | C126: 590247761 | D126: 0 | E126: PEPSI #1 | F126: DM 010 | G126: PEPSSI_SPECTRUM_INTERVAL N2 10 MACRO=EXEC
A127: 277 16:08:46 | B127: 277 07:50:45 | C127: 590247761 | D127: 0 | E127: PEPSI #1 | F127: DM 010 | G127: PEPSSI_MAC_DELAY 1 MACRO=EXEC
A128: 277 16:08:47 | B128: 277 07:50:46 | C128: 590247762 | D128: 0 | E128: PEPSI #1 | F128: DM 010 | G128: PEPSSI_SPECTRUM_INTERVAL N3 300 MACRO=EXEC
A129: 277 16:08:47 | B129: 277 07:50:46 | C129: 590247762 | D129: 0 | E129: PEPSI #1 | F129: DM 010 | G129: PEPSSI_MAC_DELAY 1 MACRO=EXEC
A130: 277 16:08:48 | B130: 277 07:50:47 | C130: 590247763 | D130: 0 | E130: PEPSI #1 | F130: DM 010 | G130: PEPSSI_SPECTRUM_INTERVAL N1 10 MACRO=EXEC
A131: 277 16:08:48 | B131: 277 07:50:47 | C131: 590247763 | D131: 0 | E131: PEPSI #1 | F131: DM 010 | G131: PEPSSI_MAC_DELAY 1 MACRO=EXEC
A132: 277 16:08:49 | B132: 277 07:50:48 | C132: 590247764 | D132: 0 | E132: PEPSI #1 | F132: DM 010 | G132: PEPSSI_STAT_INT 1 MACRO=EXEC
...
